classname ,loc, rfc , wmc , cbo , dit , lcom , fanin , fanout , noc , numberOfAttributes , numberOfAttributesInherited , numberOfMethods , numberOfMethodsInherited , numberOfPrivateAttributes , numberOfPrivateMethods , numberOfPublicAttributes , numberOfPublicMethods , nonTrivialBugs , majorBugs , criticalBugs , highPriorityBugs , bug ,buggy
org::apache::lucene::xmlparser::builders::SpanBuilderBase ,3,2,1,1,2,0,0,1,6,0,0,1,11,0,0,0,1,0,0,0,0,0,0
org::apache::lucene::analysis::compound::hyphenation::HyphenationException ,3,1,1,1,1,0,1,0,0,0,0,1,27,0,0,0,1,0,0,0,0,0,0
org::apache::lucene::index::MergePolicy ,3,7,1,1,1,15,1,0,1,0,0,6,9,0,0,0,0,0,0,0,0,0,0
org::apache::lucene::index::FieldReaderException ,3,1,1,0,1,0,0,0,0,0,0,1,28,0,0,0,1,0,0,0,0,0,0
org::apache::lucene::xmlparser::builders::MatchAllDocsQueryBuilder ,3,3,1,2,1,1,1,1,0,0,0,2,10,0,0,0,2,0,0,0,0,0,0
org::apache::lucene::store::LockObtainFailedException ,3,1,1,3,1,0,3,0,0,0,0,1,27,0,0,0,1,0,0,0,0,0,0
org::apache::lucene::store::LockReleaseFailedException ,3,1,1,2,1,0,2,0,0,0,0,1,27,0,0,0,1,0,0,0,0,0,0
org::apache::lucene::index::InvertedDocConsumer ,3,6,1,2,1,15,2,0,1,1,0,6,9,0,0,1,0,0,0,0,0,0,0
org::apache::lucene::search::function::ValueSource ,3,6,1,4,1,10,4,0,3,0,0,5,18,0,0,0,5,0,0,0,0,0,0
org::apache::lucene::xmlparser::ParserException ,3,1,1,0,1,0,0,0,0,0,0,1,27,0,0,0,1,0,0,0,0,0,0
org::apache::lucene::queryParser::surround::query::TooManyBasicQueries ,3,1,1,1,1,0,1,0,0,0,0,1,27,0,0,0,1,0,0,0,0,0,0
org::apache::lucene::store::AlreadyClosedException ,3,1,1,4,1,0,4,0,0,0,0,1,29,0,0,0,1,0,0,0,0,0,0
org::apache::lucene::index::StaleReaderException ,3,1,1,1,1,0,1,0,0,0,0,1,27,0,0,0,1,0,0,0,0,0,0
org::apache::lucene::index::DocFieldConsumer ,3,6,1,4,1,15,4,0,3,1,0,6,9,0,0,1,0,0,0,0,0,0,0
org::apache::lucene::index::TermsHashConsumer ,3,7,1,2,1,21,2,0,2,1,0,7,9,0,0,1,0,0,0,0,0,0,0
org::apache::lucene::document::LoadFirstFieldSelector ,3,2,1,1,2,1,1,0,0,0,0,2,19,0,0,0,2,0,0,0,0,0,0
org::apache::lucene::index::CorruptIndexException ,3,1,1,5,1,0,5,0,0,0,0,1,27,0,0,0,1,0,0,0,0,0,0
org::apache::lucene::index::GCJTermDocs ,3,2,1,1,2,1,1,0,0,0,9,2,26,0,0,0,2,0,0,0,0,0,0
org::apache::lucene::search::FieldDoc ,4,1,1,0,2,0,0,0,0,1,2,1,19,0,0,1,1,0,0,0,0,0,0
org::apache::lucene::LucenePackage ,4,3,2,1,1,1,0,1,0,0,0,2,9,0,1,0,1,0,0,0,0,0,0
org::apache::lucene::analysis::miscellaneous::EmptyTokenStream ,4,2,1,2,2,1,2,0,0,0,0,2,13,0,0,0,2,0,0,0,0,0,0
org::apache::regexp::RegexpTunnel ,4,2,1,2,1,0,1,1,0,0,0,1,9,0,0,0,1,0,0,0,0,0,0
org::apache::lucene::search::TopFieldDocs ,4,1,1,1,2,0,1,0,0,1,2,1,21,0,0,1,0,0,0,0,0,0,0
org::apache::lucene::search::ScoreDoc ,4,1,1,1,1,0,1,0,1,2,0,1,18,0,0,2,1,0,0,0,0,0,0
org::apache::lucene::store::MMapDirectory ,5,3,2,0,3,1,0,0,0,1,3,2,29,1,0,0,1,0,0,0,0,1,1
org::apache::lucene::benchmark::byTask::feeds::DemoHTMLParser ,5,5,2,2,1,1,0,2,0,0,0,2,10,0,0,0,2,0,0,0,0,0,0
org::apache::lucene::store::db::SanityLoadLibrary ,5,3,1,0,1,0,0,0,0,0,0,1,9,0,0,0,1,0,0,0,0,0,0
org::apache::lucene::util::ToStringUtils ,5,2,2,18,1,0,17,1,0,0,0,1,9,0,0,0,1,0,0,0,0,0,0
org::apache::lucene::search::highlight::DefaultEncoder ,5,2,2,0,1,1,0,0,0,0,0,2,10,0,0,0,2,0,0,0,0,0,0
org::apache::lucene::search::highlight::NullFragmenter ,5,3,2,4,1,3,4,0,0,0,0,3,11,0,0,0,3,0,0,0,0,0,0
org::apache::lucene::analysis::cjk::CJKAnalyzer ,6,5,2,2,2,1,0,2,0,2,0,2,15,1,0,0,2,0,0,0,0,0,0
org::apache::lucene::store::FSDirectory ,6,2,2,1,2,1,1,0,3,4,2,2,27,3,0,0,2,0,0,0,0,5,1
org::apache::lucene::search::spell::PlainTextDictionary ,6,4,2,2,1,1,1,1,0,3,0,2,10,3,0,0,2,0,0,0,0,0,0
org::apache::lucene::store::LockFactory ,6,4,2,6,1,6,6,0,6,1,0,4,9,0,0,0,4,0,0,0,0,0,0
org::apache::lucene::analysis::WhitespaceTokenizer ,6,3,2,19,4,1,18,1,0,0,1,2,21,0,0,0,1,0,0,0,0,0,0
org::apache::lucene::util::cache::Cache ,6,8,2,2,1,15,2,0,2,0,0,6,9,0,0,0,5,0,0,0,0,0,0
org::apache::lucene::search::Filter ,6,5,2,18,1,3,17,1,16,0,0,3,18,0,0,0,3,0,0,0,0,0,0
org::apache::lucene::search::Scorer ,6,4,2,25,2,6,25,0,16,1,0,4,13,1,0,0,3,0,0,0,0,0,0
org::apache::lucene::search::spans::SpanQuery ,6,6,2,12,2,10,12,1,6,0,0,5,39,0,0,0,4,0,0,0,0,0,0
org::apache::lucene::index::ReadOnlyMultiSegmentReader ,6,3,2,2,4,1,1,1,0,0,6,2,106,0,0,0,0,0,0,0,0,0,0
org::apache::lucene::store::NIOFSDirectory ,6,6,2,2,3,1,0,2,0,0,3,2,29,0,0,0,1,0,0,0,0,2,1
org::apache::lucene::analysis::LetterTokenizer ,6,3,2,3,4,1,2,1,2,0,1,2,21,0,0,0,1,0,0,0,0,0,0
org::apache::lucene::benchmark::byTask::tasks::SearchTravRetTask ,6,2,2,0,4,1,0,0,0,0,3,2,64,0,0,0,2,0,0,0,0,0,0
org::apache::lucene::analysis::LowerCaseTokenizer ,6,3,2,9,5,1,8,1,0,0,1,2,23,0,0,0,1,0,0,0,0,0,0
org::apache::lucene::analysis::ar::ArabicLetterTokenizer ,6,4,3,5,5,1,3,2,0,0,1,2,23,0,0,0,1,0,0,0,0,0,0
org::apache::lucene::benchmark::byTask::tasks::ResetSystemEraseTask ,7,4,2,2,4,1,0,2,0,0,2,2,44,0,0,0,2,0,0,0,0,0,0
org::apache::lucene::analysis::cn::ChineseAnalyzer ,7,4,2,2,2,1,0,2,0,0,0,2,15,0,0,0,2,0,0,0,0,0,0
org::apache::lucene::index::TermEnum ,7,9,3,42,1,15,41,1,6,0,0,6,9,0,0,0,6,0,0,0,0,0,0
org::apache::lucene::index::GCJSegmentReader ,7,3,2,1,4,0,0,1,0,0,15,1,80,0,0,0,1,0,0,0,0,0,0
org::apache::lucene::swing::models::DataStore ,7,3,2,6,1,1,6,0,0,19,0,2,9,4,1,15,1,0,0,0,0,0,0
org::apache::lucene::search::spell::LuceneDictionary ,7,4,2,4,1,1,2,2,0,2,0,2,10,2,0,0,2,0,0,0,0,0,0
org::apache::lucene::analysis::TokenStream ,7,5,3,90,1,6,90,0,22,0,0,4,9,0,0,0,4,0,0,0,0,1,1
org::apache::lucene::analysis::th::ThaiAnalyzer ,7,6,1,3,2,1,1,2,0,0,0,2,15,0,0,0,2,0,0,0,0,0,0
org::apache::lucene::queryParser::surround::query::AndQuery ,7,4,2,3,3,1,1,2,0,0,1,2,45,0,0,0,2,0,0,0,0,0,0
org::apache::lucene::benchmark::byTask::tasks::ResetSystemSoftTask ,7,4,2,2,3,1,0,2,1,0,2,2,42,0,0,0,2,0,0,0,0,0,0
org::apache::lucene::store::NoLockFactory ,7,4,3,3,2,6,3,0,0,2,1,4,13,2,0,0,4,0,0,0,0,0,0
org::apache::lucene::index::DocFieldProcessorPerField ,7,4,2,3,1,1,1,2,0,6,0,2,9,0,0,6,2,0,0,0,0,0,0
org::apache::lucene::index::FormatPostingsTermsConsumer ,8,6,3,4,1,1,2,2,1,1,0,2,9,0,0,1,0,0,0,0,0,0,0
com::sleepycat::db::DbHandleExtractor ,8,3,3,0,1,3,0,0,0,0,0,3,9,0,1,0,2,0,0,0,0,0,0
org::apache::lucene::index::ReadOnlySegmentReader ,9,6,4,3,4,3,1,2,0,0,15,3,80,0,0,0,1,0,0,0,0,0,0
org::apache::lucene::search::ExtendedFieldCacheImpl ,9,9,3,3,2,6,1,2,0,5,13,4,35,2,0,3,3,0,0,0,0,0,0
org::apache::lucene::document::MapFieldSelector ,9,5,4,2,2,1,2,0,0,1,0,2,19,0,0,1,2,0,0,0,0,0,0
org::apache::lucene::util::DocIdBitSet ,9,4,3,5,2,3,4,1,0,1,0,3,11,1,0,0,3,0,0,0,0,0,0
org::apache::lucene::demo::html::Token ,9,4,2,2,1,3,2,0,0,8,0,3,9,0,0,8,3,0,0,0,0,0,0
org::apache::lucene::queryParser::surround::parser::Token ,9,4,2,2,1,3,2,0,0,8,0,3,9,0,0,8,3,0,0,0,0,0,0
org::apache::lucene::store::instantiated::InstantiatedTermPositionVector ,9,9,3,3,2,3,1,2,0,1,0,3,50,1,0,0,3,0,0,0,0,0,0
org::apache::lucene::analysis::compound::hyphenation::Hyphenation ,9,3,3,2,1,3,2,0,0,2,0,3,9,2,0,0,2,0,0,0,0,0,0
org::apache::lucene::store::GCJDirectory ,9,7,2,3,3,0,0,3,0,0,3,1,29,0,0,0,1,0,0,0,0,0,0
org::apache::lucene::xmlparser::builders::SpanTermBuilder ,9,8,1,4,3,1,1,3,0,0,0,2,12,0,0,0,2,0,0,0,0,0,0
org::apache::lucene::benchmark::standard::ReutersQueries ,9,15,1,5,1,0,1,4,0,1,0,1,9,0,0,1,1,0,0,0,0,0,0
org::apache::lucene::benchmark::byTask::tasks::OpenReaderTask ,9,6,2,2,2,1,0,2,0,0,2,2,39,0,0,0,2,0,0,0,0,0,0
org::apache::lucene::search::spell::SuggestWordQueue ,9,4,2,3,2,1,1,2,0,0,1,2,19,0,0,0,0,0,0,0,0,0,0
org::apache::lucene::search::QueryFilter ,9,6,3,2,3,3,0,2,0,0,2,3,27,0,0,0,3,0,0,0,0,0,0
org::apache::lucene::analysis::Tokenizer ,9,4,3,9,2,3,8,1,10,1,0,3,13,0,0,0,2,0,0,0,0,0,0
org::apache::lucene::queryParser::precedence::Token ,9,4,2,2,1,3,2,0,0,8,0,3,9,0,0,8,3,0,0,0,0,0,0
org::apache::lucene::benchmark::byTask::tasks::NewRoundTask ,10,6,3,3,2,3,0,3,0,0,2,3,39,0,0,0,2,0,0,0,0,0,0
org::apache::lucene::xmlparser::builders::RangeFilterBuilder ,10,6,1,3,1,1,1,2,0,0,0,2,10,0,0,0,2,0,0,0,0,0,0
org::apache::lucene::search::NonMatchingScorer ,10,10,6,2,3,15,1,1,0,0,0,6,17,0,0,0,6,0,0,0,0,0,0
org::apache::lucene::analysis::sinks::TokenTypeSinkTokenizer ,10,5,4,3,4,1,0,3,0,1,3,2,22,1,0,0,2,0,0,0,0,0,0
org::apache::lucene::search::MockFilter ,10,6,3,3,2,6,1,2,0,1,0,4,21,1,0,0,4,0,0,0,0,0,0
org::apache::lucene::search::ConstantScoreRangeQuery ,10,5,3,3,4,3,2,1,0,0,2,3,63,0,0,0,3,0,0,0,0,0,0
org::apache::lucene::analysis::TeeTokenFilter ,10,4,2,6,3,1,4,2,0,1,1,2,16,0,0,1,2,0,0,0,0,0,0
org::apache::lucene::benchmark::byTask::tasks::ResetInputsTask ,10,5,3,2,2,3,0,2,1,0,2,3,39,0,0,0,2,0,0,0,0,0,0
org::apache::lucene::analysis::TokenFilter ,10,5,3,5,2,3,4,1,42,1,0,3,13,0,0,0,2,0,0,0,0,1,1
org::apache::lucene::index::SerialMergeScheduler ,10,5,4,7,2,3,6,1,1,0,0,3,11,0,0,0,3,0,0,0,0,0,0
org::apache::lucene::search::FilterClause ,10,3,3,3,1,3,3,0,0,2,0,3,18,0,0,2,3,0,0,0,0,0,0
org::apache::lucene::xmlparser::builders::TermQueryBuilder ,10,8,1,4,1,1,1,3,0,0,0,2,10,0,0,0,2,0,0,0,0,0,0
org::apache::lucene::benchmark::byTask::tasks::ClearStatsTask ,10,6,3,3,2,3,0,3,0,0,2,3,39,0,0,0,2,0,0,0,0,0,0
org::apache::lucene::search::TopDocs ,11,3,3,6,1,3,6,0,1,3,0,3,18,1,0,2,3,0,0,0,0,0,0
org::apache::lucene::store::db::DbLock ,11,4,4,1,2,6,1,0,0,1,3,4,12,0,0,1,4,0,0,0,0,0,0
org::apache::lucene::search::RemoteCachingWrapperFilter ,11,9,3,2,2,3,0,2,1,1,0,3,21,0,0,0,3,0,0,0,0,0,0
org::apache::lucene::search::HitQueue ,11,3,3,1,2,1,0,1,0,0,1,2,19,0,0,0,0,0,0,0,0,0,0
org::apache::lucene::store::je::JELock ,11,4,4,1,2,6,1,0,0,1,3,4,12,0,0,1,4,0,0,0,0,0,0
org::apache::lucene::analysis::ar::ArabicAnalyzer ,11,7,2,4,2,1,0,4,0,3,0,2,15,1,0,0,2,0,0,0,0,0,0
org::apache::lucene::benchmark::byTask::tasks::CommitIndexTask ,11,5,3,2,2,1,0,2,0,0,2,2,39,0,0,0,2,0,0,0,0,0,0
org::apache::lucene::util::cache::SimpleLRUCache ,11,3,1,3,3,0,2,1,0,2,1,1,22,2,0,0,1,0,0,0,0,0,0
org::apache::lucene::xmlparser::CorePlusExtensionsParser ,11,9,1,8,2,0,0,8,0,0,5,1,15,0,1,0,0,0,0,0,0,0,0
org::apache::lucene::benchmark::byTask::tasks::CloseReaderTask ,11,6,3,3,2,1,0,3,0,0,2,2,39,0,0,0,2,0,0,0,0,0,0
org::apache::lucene::analysis::Analyzer ,12,9,4,50,1,15,50,0,33,1,0,6,9,1,0,0,4,0,0,0,0,1,1
org::apache::lucene::index::TermInfo ,12,2,2,2,1,1,2,0,0,4,0,2,9,0,0,4,0,0,0,0,0,0,0
org::apache::lucene::queryParser::surround::query::NotQuery ,12,9,2,3,3,1,1,2,0,0,1,2,45,0,0,0,2,0,0,0,0,0,0
org::apache::lucene::analysis::payloads::TypeAsPayloadTokenFilter ,12,9,5,4,3,1,1,3,0,0,1,2,16,0,0,0,2,0,0,0,0,0,0
org::apache::lucene::xmlparser::builders::ConstantScoreQueryBuilder ,12,7,2,5,1,1,1,4,0,1,0,2,10,1,0,0,2,0,0,0,0,0,0
org::apache::lucene::store::VerifyingLockFactory ,12,6,3,3,2,3,1,2,0,4,1,3,13,0,0,4,3,0,0,0,0,0,0
org::apache::lucene::analysis::SimpleAnalyzer ,12,8,3,47,2,3,44,3,0,0,0,3,15,0,0,0,3,0,0,0,0,0,0
org::apache::lucene::benchmark::quality::utils::SimpleQQParser ,12,8,3,4,1,1,2,2,0,3,0,2,10,2,0,1,2,0,0,0,0,0,0
org::apache::lucene::index::KeepOnlyLastCommitDeletionPolicy ,12,7,3,8,1,3,7,1,0,0,0,3,11,0,0,0,3,0,0,0,0,0,0
org::apache::lucene::index::TermVectorMapper ,12,6,4,4,1,15,4,0,6,2,0,6,9,2,0,0,5,0,0,0,0,0,0
org::apache::lucene::analysis::WhitespaceAnalyzer ,12,8,3,74,2,3,71,3,0,0,0,3,15,0,0,0,3,0,0,0,0,0,0
org::apache::lucene::analysis::KeywordAnalyzer ,12,8,3,6,2,3,4,2,0,0,0,3,15,0,0,0,3,0,0,0,0,0,0
org::apache::lucene::benchmark::quality::utils::DocNameExtractor ,13,5,3,5,1,1,2,3,0,2,0,2,9,2,0,0,2,0,0,0,0,0,0
org::apache::lucene::benchmark::stats::MemUsage ,13,8,2,2,1,3,1,1,0,6,0,3,9,0,0,6,3,0,0,0,0,0,0
org::apache::lucene::store::SingleInstanceLockFactory ,13,6,3,3,2,3,2,1,0,1,1,3,13,1,0,0,3,0,0,0,0,0,0
org::apache::lucene::queryParser::Token ,13,5,4,0,1,6,0,0,0,8,0,4,9,0,0,8,4,0,0,0,0,0,0
org::apache::lucene::search::payloads::BoostingTermQuery ,13,6,5,4,4,3,1,3,0,0,1,3,54,0,0,0,2,0,0,0,0,0,0
org::apache::lucene::index::FreqProxTermsWriterPerThread ,13,6,5,2,2,10,1,1,0,2,0,5,13,0,0,2,3,0,0,0,0,0,0
org::apache::lucene::analysis::snowball::SnowballAnalyzer ,13,8,3,4,2,1,0,4,0,2,0,2,15,2,0,0,2,0,0,0,0,0,0
org::apache::lucene::search::SpanFilterResult ,13,4,4,3,1,6,3,0,0,3,0,4,9,3,0,0,4,0,0,0,0,0,0
org::apache::lucene::index::SegmentWriteState ,13,3,2,4,1,1,4,0,0,8,0,2,9,0,0,8,2,0,0,0,0,0,0
org::apache::lucene::benchmark::byTask::tasks::ReopenReaderTask ,13,8,3,3,2,1,0,3,0,0,2,2,39,0,0,0,2,0,0,0,0,0,0
org::apache::lucene::queryParser::surround::query::SrndBooleanQuery ,13,12,4,4,1,1,3,1,0,0,0,2,9,0,0,0,2,0,0,0,0,0,0
org::apache::lucene::index::DocumentsWriterThreadState ,13,4,2,3,1,1,1,2,0,6,0,2,9,0,0,6,1,0,0,0,0,1,1
org::apache::lucene::index::NormsWriterPerThread ,13,7,6,2,2,15,1,1,0,2,0,6,13,0,0,2,1,0,0,0,0,0,0
org::apache::lucene::analysis::PorterStemFilter ,14,10,4,3,3,1,0,3,0,1,1,2,16,1,0,0,2,0,0,0,0,0,0
org::apache::lucene::store::GCJIndexInput ,14,14,5,2,2,55,1,1,0,6,0,11,33,4,2,2,9,0,0,0,0,0,0
org::apache::lucene::document::SetBasedFieldSelector ,14,4,4,5,2,1,5,0,0,2,0,2,19,2,0,0,2,0,0,0,0,0,0
org::apache::lucene::xmlparser::QueryBuilderFactory ,14,11,4,5,1,6,3,2,0,1,0,4,10,0,0,1,4,0,0,0,0,0,0
org::apache::lucene::xmlparser::builders::SpanFirstBuilder ,14,8,2,5,3,1,1,4,0,1,0,2,12,0,0,1,2,0,0,0,0,0,0
org::apache::lucene::benchmark::byTask::tasks::OpenIndexTask ,14,10,2,4,2,1,0,4,0,5,2,2,39,0,0,0,2,0,0,0,0,0,0
org::apache::lucene::analysis::ru::RussianLetterTokenizer ,14,3,5,3,4,1,2,1,0,1,1,2,21,1,0,0,1,0,0,0,0,0,0
org::apache::lucene::analysis::sinks::TokenRangeSinkTokenizer ,14,4,5,1,4,3,0,1,0,3,3,3,22,3,0,0,3,0,0,0,0,0,0
org::apache::lucene::analysis::payloads::NumericPayloadTokenFilter ,14,8,4,4,3,1,1,3,0,2,1,2,16,2,0,0,2,0,0,0,0,0,0
org::apache::lucene::xmlparser::builders::SpanQueryBuilderFactory ,14,11,4,3,2,6,1,2,0,1,0,4,11,0,0,1,4,0,0,0,0,0,0
org::apache::lucene::analysis::de::GermanAnalyzer ,14,10,3,4,2,3,0,4,0,3,0,3,15,2,0,0,3,0,0,0,0,0,0
org::apache::lucene::xmlparser::FilterBuilderFactory ,14,11,4,6,1,6,4,2,0,1,0,4,10,0,0,1,4,0,0,0,0,0,0
org::apache::lucene::analysis::ar::ArabicNormalizationFilter ,15,8,4,5,3,1,2,3,0,1,1,2,16,0,0,0,1,0,0,0,0,0,0
org::apache::lucene::analysis::br::BrazilianAnalyzer ,15,10,3,4,2,3,0,4,0,3,0,3,15,2,0,0,3,0,0,0,0,0,0
org::apache::lucene::index::TermVectorEntryFreqSortedComparator ,15,7,3,5,1,1,3,2,0,0,0,2,9,0,0,0,2,0,0,0,0,0,0
org::apache::lucene::analysis::payloads::TokenOffsetPayloadTokenFilter ,15,8,3,4,3,1,1,3,0,0,1,2,16,0,0,0,2,0,0,0,0,0,0
org::apache::lucene::benchmark::byTask::feeds::EnwikiDocMaker ,16,12,4,4,3,6,1,3,0,8,14,4,39,0,1,1,3,0,0,0,0,0,0
org::apache::lucene::ant::DocumentHandlerException ,16,7,4,2,1,3,1,1,0,1,0,3,27,1,0,0,3,0,0,0,0,0,0
org::apache::lucene::benchmark::byTask::tasks::OptimizeTask ,16,10,4,3,2,6,0,3,0,1,2,4,39,0,0,1,4,0,0,0,0,0,0
org::apache::lucene::search::highlight::SimpleHTMLFormatter ,16,6,3,8,1,1,6,2,0,2,0,2,10,0,0,2,2,0,0,0,0,0,0
org::apache::lucene::index::DocFieldConsumersPerField ,16,6,3,2,2,3,1,1,0,3,0,3,11,0,0,3,3,0,0,0,0,0,0
org::apache::lucene::search::spans::SpanQueue ,16,8,4,2,2,1,0,2,0,0,1,2,19,0,0,0,1,0,0,0,0,0,0
org::apache::lucene::document::FieldSelectorResult ,16,5,7,1,1,3,1,0,0,8,0,3,18,1,1,0,2,0,0,0,0,0,0
org::apache::lucene::search::Searcher ,16,13,5,38,2,55,38,1,3,1,0,11,26,1,0,0,10,0,0,0,0,0,0
org::apache::lucene::search::PhraseQueue ,16,3,4,2,2,1,1,1,0,0,1,2,19,0,0,0,0,0,0,0,0,0,0
org::apache::lucene::index::SegmentMergeQueue ,16,8,5,5,2,3,2,3,0,0,1,3,19,0,0,0,0,0,0,0,0,0,0
org::apache::lucene::benchmark::byTask::feeds::SortableSimpleDocMaker ,16,14,3,5,3,3,0,5,0,1,12,3,36,1,1,0,1,0,0,0,0,0,0
org::apache::lucene::search::highlight::WeightedTerm ,16,5,5,4,1,10,4,0,1,2,0,5,9,0,0,2,5,0,0,0,0,0,0
org::apache::lucene::analysis::StopAnalyzer ,17,12,4,6,2,3,1,5,0,2,0,3,15,1,0,0,3,0,0,0,0,0,0
org::apache::lucene::index::LogDocMergePolicy ,17,4,4,6,3,6,6,0,1,1,6,4,30,0,0,0,3,0,0,0,0,0,0
org::apache::lucene::analysis::LowerCaseFilter ,17,6,4,14,3,1,11,3,0,0,1,2,16,0,0,0,2,0,0,0,0,0,0
org::apache::lucene::store::instantiated::FieldSetting ,17,7,6,2,1,3,1,1,0,9,0,3,9,0,0,9,2,0,0,0,0,1,1
org::apache::lucene::xmlparser::builders::FilteredQueryBuilder ,18,9,2,6,1,1,1,5,0,2,0,2,10,2,0,0,2,0,0,0,0,0,0
org::tartarus::snowball::Among ,18,5,2,2,1,0,0,2,0,6,0,1,9,0,0,6,1,0,0,0,0,0,0
org::apache::lucene::queryParser::surround::query::BasicQueryFactory ,18,12,7,4,1,15,1,3,0,2,0,6,9,2,1,0,5,0,0,0,0,0,0
org::apache::lucene::benchmark::byTask::tasks::WarmTask ,18,6,6,0,3,15,0,0,0,0,2,6,55,0,0,0,6,0,0,0,0,0,0
org::apache::lucene::benchmark::byTask::tasks::CloseIndexTask ,18,11,5,5,2,6,1,4,0,1,2,4,39,0,0,1,4,0,0,0,0,0,0
org::apache::lucene::search::PrefixTermEnum ,18,12,6,5,3,6,1,4,0,2,0,4,24,2,0,0,2,0,0,0,0,0,0
org::apache::lucene::analysis::payloads::PayloadHelper ,18,8,4,3,1,6,2,1,0,0,0,4,9,0,0,0,4,0,0,0,0,0,0
org::apache::lucene::benchmark::byTask::tasks::SearchTask ,18,8,6,2,3,15,1,2,1,0,2,6,55,0,0,0,6,0,0,0,0,0,0
org::apache::lucene::search::function::FieldScoreQuery ,18,8,6,2,3,1,2,0,0,0,1,2,46,0,1,0,1,0,0,0,0,0,0
org::apache::lucene::search::PrefixFilter ,18,14,5,6,2,10,1,5,0,2,0,5,21,1,0,0,5,0,0,0,0,0,0
org::apache::lucene::benchmark::byTask::feeds::SimpleDocMaker ,18,10,6,5,2,6,1,4,1,2,11,4,33,1,1,0,2,0,0,0,0,0,0
org::apache::lucene::benchmark::byTask::utils::FileUtils ,18,7,8,2,1,0,1,1,0,0,0,1,9,0,0,0,1,0,0,0,0,0,0
org::apache::lucene::benchmark::byTask::stats::Report ,18,5,5,7,1,10,7,0,0,4,0,5,9,4,0,0,5,0,0,0,0,0,0
org::apache::lucene::ant::FileExtensionDocumentHandler ,19,7,3,5,1,0,0,5,0,0,0,1,10,0,0,0,1,0,0,0,0,0,0
org::apache::lucene::analysis::el::GreekLowerCaseFilter ,19,6,4,4,3,1,1,3,0,1,1,2,16,0,0,1,2,0,0,0,0,0,0
org::apache::lucene::analysis::compound::hyphenation::Hyphen ,19,7,6,2,1,1,0,2,0,3,0,2,18,0,0,3,1,0,0,0,0,0,0
org::apache::lucene::xmlparser::builders::SpanNotBuilder ,19,8,2,5,3,1,1,4,0,1,0,2,12,0,0,1,2,0,0,0,0,0,0
org::apache::lucene::xmlparser::builders::SpanOrBuilder ,19,13,4,5,3,1,1,4,0,1,0,2,12,0,0,1,2,0,0,0,0,0,0
org::apache::lucene::index::FieldSortedTermVectorMapper ,19,9,5,4,2,10,3,1,0,4,0,5,15,4,0,0,5,0,0,0,0,0,0
org::apache::lucene::search::WildcardQuery ,19,12,7,10,3,6,6,4,0,1,2,4,49,1,0,0,3,0,0,0,0,0,0
org::apache::lucene::analysis::ru::RussianLowerCaseFilter ,19,6,4,4,3,1,1,3,0,1,1,2,16,0,0,1,2,0,0,0,0,0,0
org::apache::lucene::swing::models::BaseListModel ,19,16,6,5,1,10,4,1,0,1,0,5,32,1,0,0,5,0,0,0,0,0,0
org::apache::lucene::analysis::sinks::DateRecognizerSinkTokenizer ,19,6,4,3,4,1,0,3,0,2,3,2,22,0,0,0,2,0,0,0,0,0,0
org::apache::lucene::xmlparser::builders::SpanNearBuilder ,19,14,4,5,3,1,1,4,0,1,0,2,12,0,0,1,2,0,0,0,0,0,0
org::apache::lucene::analysis::fr::FrenchAnalyzer ,19,14,5,5,2,3,1,4,0,3,0,3,15,2,0,0,3,0,0,0,0,0,0
org::apache::lucene::search::spell::SuggestWord ,19,2,5,2,1,1,2,0,0,3,0,2,9,0,0,3,1,0,0,0,0,0,0
org::apache::lucene::benchmark::byTask::tasks::SetPropTask ,19,14,6,5,2,6,0,5,0,2,2,4,39,2,0,0,4,0,0,0,0,0,0
org::apache::lucene::search::SortComparator ,19,6,1,4,2,3,1,3,0,0,0,3,19,0,0,0,2,0,0,0,0,0,0
org::apache::lucene::analysis::LengthFilter ,19,4,5,3,3,1,1,2,0,2,1,2,16,0,0,2,2,0,0,0,0,0,0
org::apache::lucene::search::HitIterator ,20,11,6,4,1,10,2,3,0,2,0,5,9,2,0,0,4,0,0,0,0,0,0
org::apache::lucene::search::ComplexExplanation ,20,14,8,12,2,10,10,2,0,1,0,5,29,1,0,0,4,0,0,0,0,0,0
org::apache::lucene::search::highlight::SimpleFragmenter ,20,6,6,7,1,10,6,1,0,3,0,5,11,3,0,0,5,0,0,0,0,0,0
org::apache::lucene::index::IndexFileNames ,20,6,8,9,1,3,7,2,0,26,0,3,9,0,0,0,0,0,0,0,0,0,0
org::apache::lucene::analysis::ar::ArabicStemFilter ,20,8,4,5,3,1,2,3,0,1,1,2,16,0,0,0,1,0,0,0,0,0,0
org::apache::lucene::index::LogByteSizeMergePolicy ,20,7,6,2,3,15,1,1,0,2,6,6,30,0,0,0,5,0,0,0,0,0,0
org::apache::lucene::xmlparser::builders::BoostingQueryBuilder ,20,8,2,5,1,1,1,4,0,2,0,2,10,1,0,1,2,0,0,0,0,0,0
org::apache::lucene::util::StringHelper ,20,5,9,3,1,3,2,1,0,0,0,3,9,0,1,0,2,0,0,0,0,0,0
org::apache::lucene::search::Sort ,20,10,6,5,1,6,3,2,0,3,0,4,18,0,0,1,4,0,0,0,0,1,1
org::apache::lucene::search::highlight::TokenSources ,21,7,5,2,1,1,0,2,0,0,0,2,9,0,0,0,2,0,0,0,0,0,0
org::apache::lucene::index::CharBlockPool ,21,6,4,4,1,3,2,2,0,7,0,3,9,1,0,6,3,0,0,0,0,0,0
org::apache::lucene::benchmark::byTask::utils::Format ,21,18,5,7,1,6,4,3,0,2,0,4,9,2,0,0,4,0,0,0,0,0,0
org::apache::lucene::search::payloads::PayloadHelper ,21,16,2,4,1,1,1,3,0,6,0,2,9,3,0,0,2,0,0,0,0,0,0
org::apache::lucene::index::DocHelper ,21,15,5,10,1,6,7,3,0,56,0,4,9,0,1,27,3,0,0,0,0,0,0
org::apache::lucene::analysis::br::BrazilianStemFilter ,21,8,7,5,3,1,1,4,0,2,1,2,16,2,0,0,2,0,0,0,0,0,0
org::apache::lucene::analysis::miscellaneous::SingleTokenTokenStream ,21,9,6,4,2,10,4,0,0,2,0,5,13,2,0,0,5,0,0,0,0,0,0
org::apache::lucene::store::instantiated::InstantiatedDocument ,21,8,7,7,1,21,6,1,0,4,0,7,18,4,0,0,6,0,0,0,0,0,0
org::apache::lucene::util::cache::SimpleMapCache ,21,12,7,1,2,21,1,1,2,1,0,7,15,0,0,1,6,0,0,0,0,0,0
org::apache::lucene::search::Similarity ,22,17,7,29,1,78,27,2,4,2,0,13,18,2,0,0,13,0,0,0,0,1,1
org::apache::lucene::xmlparser::builders::FuzzyLikeThisQueryBuilder ,22,16,3,6,1,1,1,5,0,5,0,2,10,1,0,4,2,0,0,0,0,0,0
org::apache::lucene::index::ReusableStringReader ,22,7,5,2,1,3,1,1,0,3,0,3,29,0,0,3,2,0,0,0,0,0,0
org::apache::lucene::search::MatchAllDocsQuery ,22,15,7,13,2,15,8,5,0,0,0,6,39,0,0,0,5,0,0,0,0,0,0
org::apache::lucene::misc::IndexMergeTool ,22,11,3,3,1,0,0,3,0,0,0,1,9,0,0,0,1,0,0,0,0,0,0
org::apache::lucene::search::RemoteCachingWrapperFilterHelper ,22,10,5,5,3,3,1,4,0,1,1,3,24,1,0,0,3,0,0,0,0,0,0
org::apache::lucene::search::regex::JavaUtilRegexCapabilities ,22,12,11,3,1,10,0,3,0,1,0,5,12,1,0,0,5,0,0,0,0,0,0
org::apache::lucene::analysis::ru::RussianStemFilter ,22,9,7,5,3,3,1,4,0,1,1,3,16,1,0,0,3,0,0,0,0,0,0
org::apache::lucene::index::SegmentReader ,22,18,6,3,3,6,1,2,2,26,5,4,78,16,2,10,2,0,0,0,0,4,1
org::apache::lucene::benchmark::byTask::tasks::SearchTravRetLoadFieldSelectorTask ,22,12,6,3,4,10,0,3,0,1,3,5,64,0,0,0,4,0,0,0,0,0,0
org::apache::lucene::benchmark::byTask::stats::Points ,23,12,6,11,1,15,10,1,0,3,0,6,9,3,1,0,5,0,0,0,0,0,0
org::apache::lucene::demo::html::ParserThread ,23,11,2,6,1,1,1,6,0,1,2,2,31,0,0,1,1,0,0,0,0,0,0
org::apache::lucene::analysis::shingle::ShingleAnalyzerWrapper ,23,10,6,2,2,15,0,2,0,3,0,6,15,0,0,0,6,0,0,0,0,0,0
org::apache::lucene::search::function::FieldCacheSource ,23,13,7,5,2,28,4,1,4,1,0,8,23,1,0,0,8,0,0,0,0,0,0
org::apache::lucene::analysis::snowball::SnowballFilter ,23,13,4,8,3,1,2,6,0,1,1,2,16,1,0,0,2,0,0,0,0,0,0
org::apache::lucene::xmlparser::builders::BooleanFilterBuilder ,23,13,4,9,1,1,1,8,0,1,0,2,10,1,0,0,2,0,0,0,0,0,0
org::apache::lucene::search::regex::JakartaRegexpCapabilities ,23,14,12,4,1,15,1,3,0,1,0,6,12,1,0,0,6,0,0,0,0,0,0
org::apache::lucene::util::Parameter ,24,12,6,1,1,6,0,1,6,2,0,4,18,1,1,1,1,0,0,0,0,0,0
org::apache::lucene::benchmark::byTask::feeds::SimpleQueryMaker ,24,14,1,3,2,0,0,3,1,0,3,1,23,0,0,0,0,0,0,0,0,0,0
org::apache::lucene::benchmark::standard::StandardOptions ,24,8,8,1,1,28,1,0,0,4,0,8,9,4,0,0,8,0,0,0,0,0,0
org::apache::lucene::search::FieldCacheImpl ,24,21,8,2,1,28,0,2,1,12,2,8,17,4,0,8,8,0,0,0,0,1,1
org::apache::lucene::store::SimpleFSLockFactory ,24,12,9,3,2,6,1,2,0,1,1,4,13,1,0,0,3,0,0,0,0,0,0
org::apache::lucene::search::ParallelMultiSearcher ,24,9,4,4,4,6,2,2,0,2,0,4,50,2,0,0,4,0,0,0,0,1,1
org::apache::lucene::search::highlight::TextFragment ,24,9,7,4,1,21,3,1,0,5,0,7,9,0,0,5,6,0,0,0,0,0,0
org::apache::lucene::analysis::el::GreekAnalyzer ,25,11,5,3,2,3,0,3,0,27,0,3,15,27,1,0,2,0,0,0,0,0,0
org::apache::lucene::search::Collector ,25,3,4,2,2,1,1,1,0,2,0,2,11,2,0,0,2,0,0,0,0,0,0
org::apache::lucene::queryParser::surround::query::SrndTermQuery ,25,19,8,7,3,10,1,6,0,1,1,5,44,1,0,0,5,0,0,0,0,0,0
org::apache::lucene::benchmark::quality::QualityQuery ,25,10,5,7,1,10,6,1,0,2,0,5,9,2,0,0,5,0,0,0,0,0,0
org::apache::lucene::benchmark::AbstractBenchmarker ,25,7,8,2,1,0,1,1,1,0,0,1,10,0,0,0,1,0,0,0,0,0,0
org::apache::lucene::search::PrefixQuery ,25,19,7,13,3,10,6,7,0,1,2,5,49,1,0,0,4,0,0,0,0,0,0
org::apache::lucene::benchmark::stats::QueryData ,26,10,10,4,1,6,2,2,0,5,0,4,9,0,0,5,4,0,0,0,0,0,0
org::apache::lucene::index::DocInverterPerThread ,26,14,5,6,2,10,1,5,0,7,0,5,13,0,0,7,4,0,0,0,0,0,0
org::apache::lucene::demo::FileDocument ,26,10,2,6,1,1,3,3,0,0,0,2,9,0,1,0,1,0,0,0,0,0,0
org::apache::lucene::search::function::ValueSourceQuery ,26,20,9,9,2,21,3,6,1,1,0,7,39,0,0,1,6,0,0,0,0,1,1
org::apache::lucene::benchmark::byTask::feeds::AbstractQueryMaker ,26,15,7,4,1,15,0,4,3,3,0,6,13,0,0,0,4,0,0,0,0,0,0
org::apache::lucene::xmlparser::builders::SpanOrTermsBuilder ,26,19,3,9,3,1,1,8,0,1,0,2,12,0,0,1,2,0,0,0,0,0,0
org::apache::lucene::analysis::ru::RussianAnalyzer ,26,12,5,6,2,3,1,5,0,32,0,3,15,32,1,0,2,0,0,0,0,0,0
org::apache::lucene::index::SegmentTermPositionVector ,26,3,9,1,2,3,1,0,0,3,0,3,31,0,0,0,3,0,0,0,0,0,0
org::apache::lucene::analysis::ngram::NGramTokenizer ,27,7,6,2,3,1,1,1,0,9,1,2,16,7,0,0,2,0,0,0,0,0,0
org::apache::lucene::search::regex::RegexQuery ,27,17,10,6,3,15,2,4,0,1,2,6,51,1,0,0,5,0,0,0,0,0,0
org::apache::lucene::analysis::ar::ArabicNormalizer ,27,5,18,2,1,3,1,1,0,17,0,3,9,0,0,0,2,0,0,0,0,0,0
org::apache::lucene::search::SimilarityDelegator ,27,17,9,3,2,36,2,1,0,1,0,9,31,1,0,0,9,0,0,0,0,0,0
org::apache::lucene::store::ChecksumIndexInput ,28,18,8,3,2,28,0,3,0,2,0,8,33,0,0,2,8,0,0,0,0,0,0
org::apache::lucene::search::ExactPhraseScorer ,28,9,7,5,4,1,2,3,0,0,5,2,27,0,0,0,0,0,0,0,0,0,0
org::apache::lucene::index::MockIndexInput ,28,6,7,2,3,10,1,1,0,3,2,5,44,3,0,0,3,0,0,0,0,0,0
org::apache::lucene::analysis::SinkTokenizer ,28,14,9,10,3,15,10,0,4,2,1,6,16,0,0,0,6,0,0,0,0,0,0
org::apache::lucene::search::similar::SimilarityQueries ,28,14,6,5,1,1,0,5,0,0,0,2,9,0,1,0,1,0,0,0,0,0,0
org::apache::lucene::benchmark::byTask::tasks::SearchTravTask ,28,13,9,3,3,36,0,3,3,1,2,9,55,0,0,0,9,0,0,0,0,0,0
org::apache::lucene::store::Lock ,29,12,8,13,1,3,10,3,9,3,0,3,9,0,0,1,3,0,0,0,0,1,1
org::apache::lucene::index::FieldInvertState ,29,7,7,4,1,21,4,0,0,5,0,7,9,0,0,5,6,0,0,0,0,0,0
org::apache::lucene::queryParser::surround::query::OrQuery ,29,15,8,6,3,6,2,4,0,0,1,4,47,0,0,0,4,0,0,0,0,0,0
org::apache::lucene::analysis::de::GermanStemFilter ,29,10,10,6,3,6,2,4,0,2,1,4,16,2,0,0,4,0,0,0,0,0,0
org::apache::lucene::search::TopFieldDocCollector ,29,13,6,3,3,3,0,3,0,1,2,3,15,1,0,0,3,0,0,0,0,0,0
org::apache::lucene::analysis::fr::FrenchStemFilter ,29,12,10,5,3,6,1,4,0,2,1,4,16,2,0,0,4,0,0,0,0,0,0
org::apache::lucene::util::OpenBitSetDISI ,29,27,14,4,3,10,2,2,0,0,2,5,71,0,0,0,5,0,0,0,0,0,0
org::apache::lucene::index::IntBlockPool ,29,6,6,4,1,3,2,2,0,7,0,3,9,1,0,6,3,0,0,0,0,0,0
org::apache::lucene::analysis::PerFieldAnalyzerWrapper ,30,13,9,3,2,15,2,1,0,2,0,6,15,2,0,0,6,0,0,0,0,0,0
org::apache::lucene::index::FormatPostingsTermsWriter ,30,11,6,4,2,10,1,3,0,8,1,5,11,0,0,8,0,0,0,0,0,0,0
org::apache::lucene::search::TimeLimitedCollector ,30,12,8,5,2,15,1,4,0,8,0,6,11,6,0,1,6,0,0,0,0,1,1
org::apache::lucene::search::ConstantScoreQuery ,30,16,12,11,2,28,7,4,0,1,0,8,39,0,0,0,7,0,0,0,0,0,0
org::apache::lucene::queryParser::surround::query::SrndQuery ,30,25,12,11,1,66,8,3,3,3,0,12,18,2,0,0,11,0,0,0,0,0,0
org::apache::lucene::analysis::CachingTokenFilter ,30,14,8,7,3,6,6,1,0,2,1,4,16,2,1,0,3,0,0,0,0,1,1
org::apache::lucene::search::TermQuery ,30,25,10,80,2,21,73,7,1,1,0,7,39,1,0,0,6,0,0,0,0,0,0
org::apache::lucene::analysis::KeywordTokenizer ,30,11,7,2,3,3,0,2,0,2,1,3,16,2,0,0,3,0,0,0,0,0,0
org::apache::lucene::ant::TextDocument ,31,19,4,6,1,3,2,4,0,1,0,3,9,1,0,0,3,0,0,0,0,0,0
org::apache::lucene::index::StoredFieldsWriterPerField ,31,10,6,6,2,3,1,5,0,3,0,3,11,0,0,3,2,0,0,0,0,0,0
org::apache::lucene::analysis::nl::DutchAnalyzer ,31,14,4,4,2,6,0,4,0,4,0,4,15,3,0,0,4,0,0,0,0,0,0
org::apache::lucene::index::IndexCommit ,31,28,11,19,1,66,15,4,3,0,0,12,12,0,0,0,12,0,0,0,0,0,0
org::apache::lucene::index::SnapshotDeletionPolicy ,31,22,9,5,1,15,1,4,0,3,0,6,11,3,1,0,5,0,0,0,0,0,0
org::apache::lucene::demo::DeleteFiles ,32,14,3,4,1,1,0,4,0,0,0,2,9,0,1,0,1,0,0,0,0,0,0
org::apache::lucene::xmlparser::builders::TermsFilterBuilder ,32,15,4,8,1,1,1,7,0,1,0,2,10,0,0,1,2,0,0,0,0,0,0
org::apache::lucene::search::DefaultSimilarity ,32,19,10,8,2,45,6,2,3,1,0,10,31,0,0,0,10,0,0,0,0,0,0
org::apache::lucene::analysis::ngram::NGramTokenFilter ,32,13,8,3,3,3,1,2,0,5,1,3,16,3,1,0,2,0,0,0,0,1,1
org::apache::lucene::index::StoredFieldsWriterPerThread ,32,9,7,3,2,10,1,2,0,4,0,5,13,0,0,4,5,0,0,0,0,0,0
org::apache::lucene::index::NormsWriterPerField ,32,12,8,5,2,10,2,3,0,7,0,5,11,0,0,7,3,0,0,0,0,0,0
org::apache::lucene::analysis::standard::StandardFilter ,32,8,11,12,3,1,10,2,0,2,1,2,16,2,0,0,2,0,0,0,0,0,0
org::apache::lucene::search::TopDocCollector ,32,10,9,5,2,6,2,3,1,3,0,4,11,1,0,0,3,0,0,0,0,0,0
org::apache::lucene::search::QueryWrapperFilter ,32,16,7,10,2,15,5,5,0,1,0,6,21,1,0,0,6,0,0,0,0,0,0
org::apache::lucene::xmlparser::builders::UserInputQueryBuilder ,32,13,4,5,1,3,1,4,0,3,0,3,10,2,0,1,2,0,0,0,0,0,0
org::apache::lucene::queryParser::surround::query::BooleanQueryTst ,32,12,4,7,1,3,2,5,0,7,0,3,9,0,0,7,3,0,0,0,0,0,0
org::apache::lucene::analysis::miscellaneous::PrefixAndSuffixAwareTokenFilter ,32,18,6,6,2,15,4,2,0,1,0,6,13,1,0,0,6,0,0,0,0,0,0
org::apache::lucene::benchmark::quality::trec::Trec1MQReader ,33,16,4,3,1,1,0,3,0,1,0,2,9,1,0,0,2,0,0,0,0,0,0
org::apache::lucene::index::TermVectorOffsetInfo ,33,7,11,8,1,21,8,0,0,3,0,7,9,2,0,0,7,0,0,0,0,1,1
org::apache::lucene::analysis::nl::DutchStemFilter ,33,13,12,5,3,10,1,4,0,2,1,5,16,2,0,0,5,0,0,0,0,0,0
org::apache::lucene::store::instantiated::InstantiatedTermDocumentInformation ,33,10,10,9,1,45,9,0,0,9,0,10,18,6,0,0,6,0,0,0,0,0,0
org::apache::lucene::search::highlight::WeightedSpanTerm ,33,10,9,4,2,15,4,0,0,2,2,6,14,1,0,1,6,0,0,0,0,0,0
org::apache::lucene::xmlparser::builders::DuplicateFilterBuilder ,34,15,5,4,1,1,1,3,0,0,0,2,10,0,0,0,2,0,0,0,0,0,0
org::apache::lucene::search::regex::RegexTermEnum ,34,18,8,6,3,10,1,5,0,4,0,5,24,4,0,0,4,0,0,0,0,0,0
org::apache::lucene::queryParser::surround::query::ExceptionQueryTst ,34,14,7,6,1,3,2,4,0,2,0,3,9,2,0,0,3,0,0,0,0,0,0
org::apache::lucene::analysis::ngram::EdgeNGramTokenizer ,34,10,6,4,3,1,1,3,0,10,1,2,16,7,0,0,2,0,0,0,0,0,0
org::apache::lucene::search::highlight::SpanGradientFormatter ,35,12,6,4,2,1,0,4,0,2,14,2,15,2,0,0,2,0,0,0,0,0,0
org::apache::lucene::benchmark::quality::trec::QueryDriver ,35,18,1,8,1,0,0,8,0,0,0,1,9,0,0,0,1,0,0,0,0,0,0
org::apache::lucene::store::instantiated::InstantiatedTermPositions ,35,15,9,4,2,21,1,3,0,1,2,7,35,1,0,0,7,0,0,0,0,0,0
org::apache::lucene::queryParser::surround::query::SrndPrefixQuery ,35,25,12,7,3,21,1,6,0,2,1,7,44,2,0,0,6,0,0,0,0,0,0
org::apache::lucene::index::PositionBasedTermVectorMapper ,35,14,10,2,2,10,1,1,0,4,0,5,15,4,0,0,5,0,0,0,0,0,0
org::apache::lucene::index::FormatPostingsFieldsWriter ,35,11,3,6,2,3,2,4,0,7,0,3,11,0,0,7,1,0,0,0,0,0,0
org::apache::lucene::analysis::cz::CzechAnalyzer ,35,15,6,5,2,3,0,5,0,2,0,3,15,1,0,0,3,0,0,0,0,0,0
org::apache::lucene::search::FilterManager ,35,19,7,7,1,10,2,5,0,7,0,5,9,0,0,0,4,0,0,0,0,1,1
org::apache::lucene::search::PhrasePositions ,35,14,8,5,1,10,3,2,0,7,0,5,9,0,0,7,0,0,0,0,0,0,0
org::apache::lucene::analysis::compound::DictionaryCompoundWordTokenFilter ,36,14,12,2,4,1,0,2,0,0,10,2,24,0,0,0,1,0,0,0,0,0,0
org::apache::lucene::search::spans::SpanTermQuery ,36,33,13,27,3,45,20,7,1,1,0,10,44,0,0,0,10,0,0,0,0,0,0
org::apache::lucene::analysis::StopFilter ,36,17,10,21,3,21,19,2,0,3,1,7,16,3,0,0,7,0,0,0,0,0,0
org::apache::lucene::search::function::OrdFieldSource ,36,10,6,4,2,10,1,3,0,2,0,5,23,1,0,0,5,0,0,0,0,0,0
org::apache::lucene::benchmark::quality::utils::SubmissionReport ,36,17,8,7,1,6,2,5,0,4,0,4,9,4,1,0,3,0,0,0,0,0,0
org::apache::lucene::index::Term ,37,18,16,74,1,45,72,2,0,2,0,10,18,0,1,2,7,0,0,0,0,0,0
org::apache::lucene::xmlparser::builders::TermsQueryBuilder ,37,22,4,11,1,1,1,10,0,1,0,2,10,0,0,1,2,0,0,0,0,0,0
org::apache::lucene::index::DocFieldConsumersPerThread ,37,12,7,3,2,10,1,3,0,4,0,5,13,0,0,4,5,0,0,0,0,0,0
org::apache::lucene::benchmark::byTask::feeds::DocData ,37,11,11,5,1,55,5,0,0,5,0,11,9,5,0,0,11,0,0,0,0,0,0
org::apache::lucene::benchmark::byTask::tasks::DeleteDocTask ,37,22,12,4,2,21,0,4,0,8,2,7,39,6,1,0,6,0,0,0,0,0,0
org::apache::lucene::benchmark::byTask::tasks::NewAnalyzerTask ,37,22,10,6,2,6,0,6,0,2,2,4,39,2,0,0,4,0,0,0,0,0,0
org::apache::lucene::index::DocFieldProcessor ,37,22,7,3,2,15,0,3,0,3,0,6,14,0,0,3,6,0,0,0,0,0,0
org::apache::lucene::search::BooleanClause ,37,17,14,18,1,45,16,3,0,2,0,10,18,2,0,0,10,0,0,0,0,0,0
org::apache::lucene::util::ArrayUtil ,38,9,9,10,1,10,9,1,0,0,0,5,9,0,0,0,5,0,0,0,0,0,0
org::apache::lucene::benchmark::byTask::tasks::RepAllTask ,38,28,9,8,3,3,0,8,0,0,12,3,46,0,0,0,2,0,0,0,0,0,0
org::apache::lucene::benchmark::byTask::feeds::LineDocMaker ,38,23,10,6,2,21,2,4,1,7,11,7,33,4,1,3,4,0,0,0,0,0,0
org::apache::lucene::analysis::cn::ChineseFilter ,38,10,8,5,3,1,1,4,0,2,1,2,16,1,0,0,2,0,0,0,0,0,0
org::apache::lucene::index::FieldInfo ,38,4,10,1,1,3,1,0,0,9,0,3,9,0,0,9,1,0,0,0,0,1,1
org::apache::lucene::search::FilteredTermEnum ,38,18,14,9,2,36,8,1,5,2,0,9,15,2,0,0,6,0,0,0,0,0,0
org::apache::lucene::search::CachingWrapperFilterHelper ,38,12,9,5,3,10,2,3,0,1,2,5,27,1,0,0,5,0,0,0,0,0,0
org::apache::lucene::benchmark::byTask::tasks::RepSelectByPrefTask ,39,33,10,8,4,3,0,8,0,0,13,3,51,0,0,0,2,0,0,0,0,0,0
org::apache::lucene::benchmark::byTask::tasks::RepSumByNameTask ,39,27,6,7,3,3,1,6,0,0,12,3,46,0,0,0,2,0,0,0,0,0,0
org::apache::lucene::search::BoostingQuery ,39,8,5,2,2,3,1,1,0,3,0,3,39,3,0,0,3,0,0,0,0,0,0
org::apache::lucene::analysis::th::ThaiWordFilter ,39,25,8,6,3,1,1,5,0,2,1,2,16,2,0,0,2,0,0,0,0,0,0
org::apache::lucene::search::function::FloatFieldSource ,39,13,8,4,3,10,0,4,0,1,0,5,31,1,0,0,5,0,0,0,0,0,0
org::apache::lucene::search::Hit ,39,23,10,6,1,28,2,4,0,4,0,8,18,4,1,0,6,0,0,0,0,0,0
org::apache::lucene::search::CachingSpanFilter ,39,19,13,3,3,28,0,3,0,2,0,8,22,0,1,0,7,0,0,0,0,0,0
org::apache::lucene::search::highlight::SimpleSpanFragmenter ,40,12,10,5,1,3,1,4,0,7,0,3,11,7,0,0,3,0,0,0,0,0,0
org::apache::lucene::misc::HighFreqTerms ,40,26,9,8,1,1,0,8,0,1,0,2,9,0,1,0,1,0,0,0,0,0,0
org::apache::lucene::benchmark::byTask::tasks::AddDocTask ,40,31,11,8,2,21,1,7,0,5,2,7,39,3,1,1,6,0,0,0,0,0,0
org::apache::lucene::document::DateField ,40,24,12,7,1,21,2,5,0,1,0,7,9,1,1,0,6,0,0,0,0,0,0
org::apache::lucene::search::SpanQueryFilter ,40,24,10,7,3,21,1,6,0,1,0,7,22,0,0,0,7,0,0,0,0,0,0
org::apache::lucene::analysis::fr::ElisionFilter ,40,23,10,2,3,3,0,2,0,2,1,3,16,2,0,0,3,0,0,0,0,0,0
org::apache::lucene::benchmark::byTask::tasks::RepSumByNameRoundTask ,40,28,6,6,3,3,0,6,0,0,12,3,46,0,0,0,2,0,0,0,0,0,0
org::apache::lucene::benchmark::byTask::tasks::RepSumByPrefRoundTask ,40,31,7,7,4,3,0,7,0,0,13,3,51,0,0,0,2,0,0,0,0,0,0
org::apache::lucene::search::ReqOptSumScorer ,41,18,12,4,3,15,1,3,0,3,0,6,17,3,0,0,6,0,0,0,0,0,0
org::apache::lucene::store::RAMFile ,41,15,11,4,1,45,4,0,1,6,0,10,18,3,0,3,0,0,0,0,0,0,0
org::apache::lucene::analysis::ru::RussianCharsets ,41,2,16,2,1,0,1,1,0,3,0,1,9,0,0,3,1,0,0,0,0,0,0
org::apache::lucene::index::TermVectorsTermsWriterPerThread ,42,12,10,3,2,21,2,2,0,7,0,7,13,0,0,7,5,0,0,0,0,0,0
org::apache::lucene::analysis::compound::hyphenation::ByteVector ,42,10,11,2,1,28,1,1,0,4,0,8,18,4,0,0,8,0,0,0,0,0,0
org::apache::lucene::benchmark::stats::TimeData ,42,20,11,5,1,36,2,3,0,6,0,9,9,1,0,5,8,0,0,0,0,0,0
org::apache::lucene::util::CloseableThreadLocal ,43,18,8,5,1,6,4,1,1,2,0,4,9,2,0,0,3,0,0,0,0,0,0
org::apache::lucene::search::function::ShortFieldSource ,43,13,8,4,3,10,0,4,0,1,0,5,31,1,0,0,5,0,0,0,0,0,0
org::apache::lucene::search::function::ByteFieldSource ,43,13,8,4,3,10,0,4,0,1,0,5,31,1,0,0,5,0,0,0,0,0,0
org::apache::lucene::search::function::IntFieldSource ,43,13,8,5,3,10,1,4,0,1,0,5,31,1,0,0,5,0,0,0,0,0,0
org::apache::lucene::analysis::query::QueryAutoStopWordAnalyzer ,43,33,11,7,2,6,1,6,0,3,0,4,15,0,0,2,4,0,0,0,0,0,0
org::apache::lucene::search::SortField ,44,20,13,6,1,21,4,2,0,18,0,7,18,4,0,1,7,0,0,0,0,1,1
org::apache::lucene::analysis::WordlistLoader ,44,18,10,6,1,1,2,4,0,0,0,2,9,0,0,0,2,0,0,0,0,0,0
org::apache::lucene::index::SegmentMergeInfo ,44,14,12,6,1,10,3,3,0,6,0,5,9,2,0,4,0,0,0,0,0,0,0
org::apache::lucene::store::MockRAMInputStream ,44,11,6,4,3,3,1,3,0,3,1,3,49,3,0,0,3,0,0,0,0,0,0
org::apache::lucene::demo::html::Entities ,44,26,13,6,1,3,2,4,0,2,0,3,9,0,0,0,1,0,0,0,0,0,0
org::apache::lucene::search::function::ReverseOrdFieldSource ,44,10,6,4,2,10,1,3,0,2,0,5,23,1,0,1,5,0,0,0,0,0,0
org::apache::lucene::analysis::ngram::EdgeNGramTokenFilter ,45,17,10,3,3,3,1,2,0,7,1,3,16,4,1,0,2,0,0,0,0,1,1
org::apache::lucene::search::highlight::QueryScorer ,45,18,11,3,1,15,1,2,0,5,0,6,12,1,0,4,6,0,0,0,0,0,0
org::apache::lucene::store::ChecksumIndexOutput ,45,29,11,4,2,55,1,3,0,2,0,11,24,0,0,2,11,0,0,0,0,0,0
org::apache::lucene::index::ByteSliceWriter ,45,10,10,2,1,15,1,1,0,4,0,6,9,3,0,1,6,0,0,0,0,0,0
org::apache::lucene::benchmark::byTask::tasks::RepSumByPrefTask ,45,33,9,8,3,10,1,7,2,1,12,5,46,0,0,0,4,0,0,0,0,0,0
org::apache::lucene::index::FormatPostingsPositionsWriter ,45,15,11,6,2,10,1,5,0,6,0,5,11,0,0,6,0,0,0,0,0,0,0
org::apache::lucene::store::je::Block ,45,20,6,4,1,15,2,2,0,2,0,6,9,0,0,0,0,0,0,0,0,0,0
org::apache::lucene::benchmark::byTask::feeds::SimpleSloppyPhraseQueryMaker ,46,16,10,2,3,0,0,2,0,0,3,1,24,0,0,0,0,0,0,0,0,0,0
org::apache::lucene::index::IndexFileNameFilter ,46,22,18,2,1,6,1,1,0,3,0,4,18,2,0,1,4,0,0,0,0,0,0
org::apache::lucene::store::db::Block ,47,20,6,4,1,15,2,2,0,2,0,6,9,0,0,0,0,0,0,0,0,0,0
org::apache::lucene::xmlparser::builders::CachedFilterBuilder ,47,12,6,9,1,1,1,8,0,4,0,2,10,4,0,0,2,0,0,0,0,0,0
org::apache::lucene::benchmark::byTask::feeds::ReutersQueryMaker ,48,35,7,6,2,3,0,6,0,1,3,3,23,1,2,0,0,0,0,0,0,0,0
org::apache::lucene::queryParser::surround::query::FieldsQuery ,48,40,11,5,2,28,0,5,0,4,1,8,30,4,0,0,7,0,0,0,0,0,0
org::apache::lucene::analysis::standard::StandardAnalyzer ,48,24,10,12,2,36,6,6,0,6,0,9,15,4,0,0,9,0,0,0,0,0,0
org::apache::lucene::benchmark::byTask::feeds::FileBasedQueryMaker ,49,24,9,8,2,0,0,8,0,0,3,1,23,0,0,0,0,0,0,0,0,0,0
org::apache::lucene::document::Field ,49,13,17,14,3,15,11,3,0,0,16,6,104,0,0,0,6,0,0,0,0,1,1
org::apache::lucene::search::highlight::SimpleHTMLEncoder ,49,17,11,3,1,3,1,2,0,0,0,3,10,0,0,0,3,0,0,0,0,0,0
org::apache::lucene::index::SegmentTermVector ,50,18,15,3,1,28,1,2,1,3,0,8,15,3,0,0,7,0,0,0,0,0,0
org::apache::lucene::queryParser::surround::query::SpanNearClauseFactory ,50,39,16,8,1,55,2,6,0,4,0,11,9,4,0,0,10,0,0,0,0,0,0
org::apache::lucene::search::RemoteSearchable ,50,25,14,7,2,45,3,4,0,1,0,10,44,1,0,0,10,0,0,0,0,0,0
org::apache::lucene::xmlparser::QueryTemplateManager ,50,36,10,14,1,21,2,12,0,4,0,7,9,0,0,4,7,0,0,0,0,0,0
org::apache::lucene::analysis::compound::hyphenation::CharVector ,50,14,13,4,1,45,3,1,0,4,0,10,27,4,0,0,10,0,0,0,0,0,0
org::apache::lucene::document::NumberTools ,51,19,10,6,1,1,1,5,0,6,0,2,9,3,0,0,2,0,0,0,0,0,0
org::apache::lucene::index::TermVectorEntry ,51,16,18,6,1,66,5,1,0,5,0,12,9,4,0,1,9,0,0,0,0,0,0
org::apache::lucene::swing::models::RestaurantInfo ,51,20,17,3,1,153,3,0,0,8,0,18,9,8,0,0,18,0,0,0,0,0,0
org::apache::lucene::store::instantiated::InstantiatedTermEnum ,51,23,12,3,2,15,1,3,0,3,0,6,15,3,0,0,6,0,0,0,0,1,1
org::apache::lucene::swing::models::TableSearcherSimulator ,51,27,2,15,1,1,0,15,0,0,0,2,9,0,0,0,2,0,0,0,0,0,0
org::apache::lucene::analysis::nl::WordlistLoader ,51,19,9,3,1,3,0,3,0,0,0,3,9,0,1,0,2,0,0,0,0,0,0
org::apache::lucene::demo::HTMLDocument ,52,25,4,7,1,6,1,6,0,1,0,4,9,0,1,1,3,0,0,0,0,0,0
org::apache::lucene::search::function::DocValues ,52,28,12,12,1,78,9,3,1,4,0,13,9,4,1,0,11,0,0,0,0,0,0
org::apache::lucene::index::DocInverter ,53,33,9,4,2,21,0,4,0,2,1,7,15,0,0,2,4,0,0,0,0,0,0
org::apache::lucene::store::NativeFSLockFactory ,53,28,14,8,2,10,2,6,0,1,1,5,13,1,1,0,3,0,0,0,0,0,0
org::apache::lucene::swing::models::ListSearcherSimulator ,53,27,2,16,1,1,0,16,0,0,0,2,9,0,0,0,2,0,0,0,0,0,0
org::apache::lucene::analysis::ar::ArabicStemmer ,53,16,21,2,1,28,1,1,0,13,0,8,9,0,0,0,4,0,0,0,0,0,0
org::apache::lucene::search::highlight::TokenGroup ,54,24,13,6,1,45,5,1,0,9,0,10,9,1,0,8,7,0,0,0,0,0,0
org::apache::lucene::search::CachingWrapperFilter ,54,16,11,6,2,15,4,2,2,2,0,6,21,0,0,0,6,0,0,0,0,1,1
org::apache::lucene::analysis::CharTokenizer ,55,15,13,3,3,10,1,2,3,6,1,5,16,6,0,0,3,0,0,0,0,1,1
org::apache::lucene::benchmark::byTask::tasks::SearchTravRetHighlightTask ,55,41,18,8,4,28,0,8,1,4,3,8,64,0,0,0,7,0,0,0,0,0,0
org::apache::lucene::store::instantiated::FieldSettings ,55,13,16,6,1,6,3,3,0,1,0,4,9,1,0,0,0,0,0,0,0,1,1
org::apache::lucene::xmlparser::builders::BooleanQueryBuilder ,56,25,10,11,1,3,2,9,0,1,0,3,10,1,0,0,2,0,0,0,0,0,0
org::apache::lucene::index::memory::SynonymTokenFilter ,56,17,14,3,3,6,0,3,0,7,1,4,16,6,1,0,2,0,0,0,0,0,0
org::apache::lucene::benchmark::byTask::programmatic::Sample ,56,18,2,8,1,1,0,8,0,0,0,2,9,0,1,0,1,0,0,0,0,0,0
org::apache::lucene::queryParser::surround::query::SimpleTerm ,56,31,14,9,2,66,3,6,3,1,1,12,32,1,0,0,10,0,0,0,0,0,0
org::apache::lucene::index::FreqProxFieldMergeState ,56,10,10,4,1,3,1,3,0,12,0,3,9,2,0,10,2,0,0,0,0,0,0
org::apache::lucene::demo::html::TokenMgrError ,57,26,17,5,1,6,2,3,0,5,0,4,27,0,0,1,2,0,0,0,0,0,0
org::apache::lucene::queryParser::TokenMgrError ,57,26,17,5,1,6,2,3,0,5,0,4,27,0,0,1,2,0,0,0,0,0,0
org::apache::lucene::queryParser::precedence::TokenMgrError ,57,26,17,5,1,6,2,3,0,5,0,4,27,0,0,1,2,0,0,0,0,0,0
org::apache::lucene::store::LockVerifyServer ,57,25,9,5,1,1,0,5,0,0,0,2,9,0,1,0,1,0,0,0,0,0,0
org::apache::lucene::search::spans::SpanScorer ,57,31,15,7,3,21,2,5,1,8,0,7,17,0,0,0,5,0,0,0,0,0,0
org::apache::lucene::queryParser::surround::parser::TokenMgrError ,57,26,17,5,1,6,2,3,0,5,0,4,27,0,0,1,2,0,0,0,0,0,0
org::apache::lucene::xmlparser::builders::LikeThisQueryBuilder ,58,29,10,12,1,1,1,11,0,5,0,2,10,1,0,4,2,0,0,0,0,0,0
org::apache::lucene::index::DefaultSkipListReader ,58,17,10,3,2,28,1,2,0,7,0,8,17,7,0,0,0,0,0,0,0,0,0
org::apache::lucene::store::BufferedIndexOutput ,58,18,14,1,2,28,0,1,0,4,0,8,24,3,0,0,7,0,0,0,0,0,0
org::apache::lucene::index::SortedTermVectorMapper ,59,19,21,4,2,6,2,2,0,5,0,4,15,4,0,0,4,0,0,0,0,0,0
org::apache::lucene::search::RangeFilter ,59,28,29,6,2,36,1,5,0,7,0,9,21,7,1,0,8,0,0,0,0,0,0
org::apache::lucene::benchmark::quality::QualityBenchmark ,60,25,13,9,1,21,2,7,0,6,0,7,9,2,1,0,6,0,0,0,0,0,0
org::apache::lucene::swing::models::BaseTableModel ,60,30,18,7,1,45,4,3,0,2,0,10,39,2,0,0,10,0,0,0,0,0,0
org::apache::lucene::benchmark::quality::trec::TrecTopicsReader ,60,22,10,6,1,3,2,4,0,1,0,3,9,1,1,0,2,0,0,0,0,0,0
org::apache::lucene::store::instantiated::InstantiatedTermFreqVector ,60,27,17,6,1,36,1,5,1,5,0,9,24,5,0,0,9,0,0,0,0,0,0
org::apache::lucene::demo::IndexFiles ,60,34,11,5,1,3,0,5,0,1,0,3,9,0,1,0,1,0,0,0,0,0,0
org::apache::lucene::search::IndexSearcher ,61,30,18,65,3,36,57,8,2,2,0,9,37,1,1,1,8,0,0,0,0,0,0
org::apache::lucene::benchmark::byTask::tasks::SearchWithSortTask ,61,24,16,5,3,45,0,5,0,1,2,10,55,1,1,0,9,0,0,0,0,0,0
org::apache::lucene::store::IndexOutput ,61,30,19,33,1,105,31,2,5,3,0,15,9,3,0,0,15,0,0,0,0,0,0
org::apache::lucene::store::MockRAMOutputStream ,61,19,15,3,3,10,1,3,0,3,1,5,35,2,0,1,5,0,0,0,0,0,0
org::apache::lucene::search::highlight::QueryTermExtractor ,61,27,14,8,1,6,0,8,0,0,0,4,9,0,3,0,1,0,0,0,0,0,0
org::apache::lucene::util::SortedVIntList ,62,13,10,4,2,15,2,3,0,7,0,6,11,6,2,0,4,0,0,0,0,0,0
org::apache::lucene::util::SmallFloat ,62,12,18,3,1,15,2,1,0,0,0,6,9,0,0,0,6,0,0,0,0,0,0
org::apache::lucene::analysis::standard::StandardTokenizer ,62,24,13,3,3,28,1,2,0,14,1,8,16,3,0,0,7,0,0,0,0,1,1
org::apache::lucene::analysis::miscellaneous::PrefixAwareTokenFilter ,63,24,15,5,2,36,2,3,2,4,0,9,13,4,0,0,9,0,0,0,0,0,0
org::apache::lucene::search::Explanation ,63,32,18,29,1,55,28,1,1,3,0,11,18,3,0,0,9,0,0,0,0,0,0
org::apache::lucene::search::TermsFilter ,63,36,15,6,2,15,3,3,0,1,0,6,21,0,0,1,6,0,0,0,0,0,0
org::apache::lucene::queryParser::surround::query::SrndTruncQuery ,63,40,19,10,3,21,1,9,0,5,1,7,44,5,0,0,4,0,0,0,0,0,0
org::apache::lucene::store::instantiated::InstantiatedTermDocs ,63,31,20,6,1,28,2,5,1,4,0,8,16,2,0,0,8,0,0,0,0,0,0
org::apache::lucene::store::Directory ,64,35,18,74,1,153,69,5,7,2,0,18,9,0,0,1,17,0,0,0,0,1,1
org::apache::lucene::search::spans::TermSpans ,64,23,16,5,2,45,2,3,0,6,0,10,16,0,0,0,10,0,0,0,0,0,0
org::apache::lucene::benchmark::quality::utils::QualityQueriesFinder ,64,33,15,9,1,10,0,9,0,2,0,5,9,2,4,0,1,0,0,0,0,0,0
org::apache::lucene::index::MultiLevelSkipListWriter ,66,19,18,5,1,15,2,3,1,3,0,6,9,3,0,0,0,0,0,0,0,0,0
org::apache::lucene::benchmark::byTask::feeds::DirDocMaker ,66,41,11,9,2,10,0,9,0,4,11,5,33,0,0,0,3,0,0,0,0,0,0
org::apache::lucene::analysis::cn::ChineseTokenizer ,66,15,14,3,3,6,2,1,0,9,1,4,16,9,2,0,2,0,0,0,0,0,0
org::apache::lucene::benchmark::byTask::tasks::ReadTokensTask ,66,37,13,11,2,10,0,11,0,7,2,5,39,2,1,4,4,0,0,0,0,0,0
org::apache::lucene::index::TermVectorAccessor ,66,40,12,8,1,3,1,7,0,4,0,3,9,4,1,0,2,0,0,0,0,0,0
org::apache::lucene::benchmark::byTask::tasks::CreateIndexTask ,66,41,6,8,2,3,2,6,0,0,2,3,39,0,0,0,3,0,0,0,0,0,0
org::apache::lucene::queryParser::surround::query::DistanceQuery ,68,36,13,8,3,21,1,7,0,2,1,7,47,2,0,0,7,0,0,0,0,0,0
org::apache::lucene::benchmark::byTask::feeds::ReutersDocMaker ,68,42,11,9,2,10,1,8,1,5,11,5,33,5,0,0,3,0,0,0,0,0,0
org::apache::lucene::store::RAMInputStream ,68,16,20,5,2,28,3,2,1,8,0,8,42,7,1,0,6,0,0,0,0,0,0
org::apache::lucene::benchmark::byTask::stats::TaskStats ,69,34,17,14,1,91,9,5,0,10,0,14,18,10,0,0,12,0,0,0,0,0,0
org::apache::lucene::wordnet::SynExpand ,70,38,12,9,1,1,0,9,0,0,0,2,9,0,0,0,2,0,0,0,0,0,0
org::apache::lucene::benchmark::byTask::Benchmark ,70,35,10,8,1,10,2,6,0,3,0,5,9,3,0,0,5,0,0,0,0,0,0
org::apache::lucene::benchmark::byTask::tasks::ReportTask ,71,57,18,14,2,21,6,8,4,10,2,7,39,0,0,0,1,0,0,0,0,0,0
org::apache::lucene::benchmark::Driver ,71,29,12,5,1,45,0,5,0,3,0,10,9,3,2,0,8,0,0,0,0,0,0
org::apache::lucene::search::spell::LevensteinDistance ,71,7,8,2,1,1,1,1,0,0,0,2,10,0,0,0,2,0,0,0,0,1,1
org::apache::lucene::index::BufferedDeletes ,71,47,15,4,1,6,1,3,0,4,0,4,9,0,0,4,0,0,0,0,0,0,0
org::apache::lucene::util::English ,72,45,38,0,1,1,0,0,0,0,0,2,9,0,0,0,2,0,0,0,0,0,0
org::apache::lucene::index::FormatPostingsDocsWriter ,72,23,12,9,2,10,1,8,0,14,0,5,11,1,0,13,0,0,0,0,0,0,0
org::apache::lucene::queryParser::surround::query::ComposedQuery ,73,64,24,9,2,105,5,4,4,3,1,15,30,3,0,0,9,0,0,0,0,0,0
org::apache::lucene::benchmark::byTask::tasks::WriteLineDocTask ,73,41,17,10,2,21,0,10,0,7,2,7,39,4,1,1,6,0,0,0,0,0,0
org::apache::lucene::util::OpenBitSetIterator ,73,7,16,2,2,10,2,0,0,8,0,5,13,7,1,0,4,0,0,0,0,0,0
org::apache::lucene::search::regex::SpanRegexQuery ,73,41,18,15,3,66,2,13,0,2,0,12,46,2,0,0,12,0,0,0,0,0,0
org::apache::lucene::search::spell::JaroWinklerDistance ,73,25,19,2,1,10,1,1,0,1,0,5,10,1,1,0,4,0,0,0,0,0,0
org::apache::lucene::queryParser::MultiFieldQueryParser ,73,41,24,9,2,28,4,5,0,2,56,8,68,0,1,0,2,0,0,0,0,0,0
org::apache::lucene::search::similar::MoreLikeThisQuery ,74,31,20,4,2,171,1,3,0,8,0,19,39,3,0,5,19,0,0,0,0,0,0
org::apache::lucene::analysis::compound::CompoundWordTokenFilterBase ,74,36,14,6,3,28,2,4,2,9,1,8,16,0,0,0,2,0,0,0,0,0,0
org::apache::lucene::index::MultipleTermPositions ,74,49,22,6,2,66,1,5,0,4,0,12,20,4,0,0,12,0,0,0,0,0,0
org::apache::lucene::queryParser::surround::parser::FastCharStream ,75,24,19,3,1,91,1,2,0,6,0,14,19,0,1,6,13,0,0,0,0,0,0
org::apache::lucene::index::TermsHashPerThread ,75,28,17,11,2,28,5,8,0,10,0,8,13,0,1,10,4,0,0,0,0,0,0
org::apache::lucene::queryParser::FastCharStream ,75,24,19,3,1,91,1,2,0,6,0,14,21,0,1,6,13,0,0,0,0,0,0
org::apache::lucene::search::RangeTermEnum ,75,15,26,6,3,6,1,5,0,7,0,4,24,7,0,0,2,0,0,0,0,1,1
org::apache::lucene::queryParser::precedence::FastCharStream ,75,24,19,3,1,91,1,2,0,6,0,14,21,0,1,6,13,0,0,0,0,0,0
org::apache::lucene::index::MergeDocIDRemapper ,76,8,15,4,1,1,2,2,0,6,0,2,9,0,0,6,2,0,0,0,0,1,1
org::apache::lucene::search::MultiTermQuery ,76,44,20,24,2,45,13,12,5,2,0,10,39,0,0,0,8,0,0,0,0,0,0
org::apache::lucene::index::Payload ,76,21,23,14,1,55,9,5,0,3,0,11,27,0,0,0,11,0,0,0,0,0,0
org::apache::lucene::benchmark::quality::trec::TrecJudge ,77,45,21,7,1,6,2,5,0,1,0,4,12,0,0,1,4,0,0,0,0,0,0
org::apache::lucene::search::highlight::SpanScorer ,77,29,19,7,1,45,3,4,0,7,0,10,12,7,1,0,9,0,0,0,0,0,0
org::apache::lucene::misc::LengthNormModifier ,77,42,15,12,1,3,1,11,0,2,0,3,9,2,0,0,3,0,0,0,0,0,0
org::apache::lucene::index::ByteBlockPool ,77,12,11,6,1,10,4,2,0,10,0,5,9,2,0,5,5,0,0,0,0,0,0
org::apache::lucene::wordnet::SynLookup ,78,43,13,9,1,1,0,9,0,0,0,2,9,0,0,0,2,0,0,0,0,0,0
org::apache::lucene::search::ConjunctionScorer ,78,25,17,5,3,28,1,4,0,5,0,8,17,5,2,0,6,0,0,0,0,0,0
org::apache::lucene::index::TermBuffer ,79,30,16,9,1,36,1,8,0,6,0,9,18,6,1,0,5,0,0,0,0,0,0
org::apache::lucene::index::DefaultSkipListWriter ,79,18,10,6,2,15,4,2,0,11,0,6,15,11,0,0,0,0,0,0,0,0,0
org::apache::lucene::search::ReqExclScorer ,79,28,24,4,3,21,1,3,0,3,0,7,17,3,1,0,6,0,0,0,0,0,0
org::apache::lucene::index::DocFieldConsumers ,80,35,13,4,2,36,2,4,0,5,1,9,15,0,0,5,6,0,0,0,0,0,0
org::apache::lucene::search::TermScorer ,81,29,19,8,3,21,2,6,0,11,0,7,17,11,0,0,6,0,0,0,0,0,0
org::apache::lucene::search::DisjunctionMaxQuery ,81,53,26,6,2,45,2,4,0,2,0,10,39,2,0,0,9,0,0,0,0,0,0
org::apache::lucene::search::QueryTermVector ,81,47,20,8,1,36,1,7,0,2,0,9,15,2,1,0,8,0,0,0,0,0,0
org::apache::lucene::analysis::compound::HyphenationCompoundWordTokenFilter ,81,24,18,5,4,3,1,4,0,1,10,3,24,1,0,0,2,0,0,0,0,0,0
org::apache::lucene::index::FilterIndexReader ,82,60,24,2,2,276,1,1,2,1,2,24,58,0,0,0,19,0,0,0,0,0,0
org::apache::lucene::store::je::JEIndexOutput ,83,34,16,4,2,28,1,3,0,8,0,8,24,0,0,0,7,0,0,0,0,0,0
org::apache::lucene::search::Query ,84,49,23,103,1,66,99,7,16,1,0,12,27,1,0,0,11,0,0,0,0,0,0
org::apache::lucene::search::RangeQuery ,85,49,54,12,3,105,5,7,1,6,2,15,49,6,1,0,13,0,0,0,0,1,1
org::apache::lucene::search::BooleanScorer ,85,27,28,9,3,36,0,9,0,10,0,9,17,10,1,0,6,0,0,0,0,0,0
org::apache::lucene::store::db::DbIndexOutput ,86,34,16,4,2,28,1,3,0,8,0,8,24,0,0,0,7,0,0,0,0,0,0
org::apache::lucene::index::FieldNormModifier ,86,46,18,11,1,3,1,10,0,2,0,3,9,2,0,0,3,0,0,0,0,0,0
org::apache::lucene::search::SampleComparable ,86,12,5,5,1,6,1,4,0,2,0,4,18,0,0,2,4,0,0,0,0,0,0
org::apache::lucene::xmlparser::CoreParser ,87,41,7,23,1,15,3,20,1,5,0,6,10,0,1,1,4,0,0,0,0,0,0
org::apache::lucene::demo::html::ParseException ,87,28,24,4,1,3,1,3,0,5,0,3,27,0,0,3,2,0,0,0,0,0,0
org::apache::lucene::queryParser::precedence::ParseException ,87,23,24,5,1,3,2,3,0,5,0,3,27,0,0,3,2,0,0,0,0,0,0
org::apache::lucene::queryParser::surround::parser::ParseException ,87,23,24,5,1,3,2,3,0,5,0,3,27,0,0,3,2,0,0,0,0,0,0
org::apache::lucene::search::function::CustomScoreQuery ,88,44,28,9,2,78,1,8,2,3,0,13,39,3,0,0,12,0,0,0,0,0,0
org::apache::lucene::search::FuzzyQuery ,88,44,21,16,3,36,3,13,0,4,2,9,49,2,0,0,8,0,0,0,0,0,0
org::apache::lucene::index::memory::PatternAnalyzer ,88,36,33,7,2,28,1,6,0,8,0,8,15,4,4,0,4,0,0,0,0,0,0
org::apache::lucene::demo::IndexHTML ,88,53,23,10,1,3,0,10,0,4,0,3,9,4,2,0,1,0,0,0,0,0,0
org::apache::lucene::store::je::JEIndexInput ,88,35,16,6,2,28,1,5,0,5,0,8,33,0,0,0,7,0,0,0,0,0,0
org::apache::lucene::store::IndexInput ,89,37,24,46,1,120,45,1,12,3,0,16,18,3,1,0,15,0,0,0,0,0,0
org::apache::lucene::queryParser::ParseException ,90,29,24,8,1,3,5,3,0,5,0,3,27,0,0,3,2,0,0,0,0,0,0
org::apache::lucene::util::PriorityQueue ,90,23,25,33,1,66,33,0,15,3,0,12,9,2,2,0,8,0,0,0,0,0,0
org::apache::lucene::search::PhraseQuery ,90,54,28,28,2,55,20,9,0,5,0,11,39,5,0,0,10,0,0,0,0,0,0
org::apache::lucene::store::db::DbIndexInput ,92,34,16,6,2,28,1,5,0,5,0,8,33,0,0,0,7,0,0,0,0,0,0
org::apache::lucene::xmlparser::webdemo::FormBasedXmlQueryDemo ,92,50,10,15,1,3,0,15,0,4,0,3,48,4,1,0,1,0,0,0,0,0,0
org::apache::lucene::benchmark::byTask::tasks::PerfTask ,93,54,31,43,1,210,37,6,20,7,0,21,18,5,0,0,15,0,0,0,0,0,0
org::apache::lucene::misc::SweetSpotSimilarity ,94,36,18,6,3,36,1,5,0,13,1,9,41,13,0,0,9,0,0,0,0,0,0
org::apache::lucene::index::FreqProxTermsWriterPerField ,96,25,22,7,2,55,2,5,0,7,0,11,15,0,0,7,3,0,0,0,0,0,0
org::apache::lucene::index::ByteSliceReader ,96,23,17,7,2,55,5,2,0,8,0,11,33,0,0,8,10,0,0,0,0,0,0
org::apache::lucene::search::spans::SpanWeight ,97,50,12,10,2,21,1,10,1,7,0,7,24,0,0,0,7,0,0,0,0,0,0
org::apache::lucene::index::CompoundFileReader ,97,41,23,8,2,91,4,4,0,5,2,14,27,5,0,0,14,0,0,0,0,0,0
org::apache::lucene::search::DisjunctionSumScorer ,98,41,31,5,3,36,1,4,0,8,0,9,17,6,1,0,7,0,0,0,0,0,0
org::apache::lucene::ant::HtmlDocument ,98,58,16,14,1,21,2,12,0,1,0,7,9,1,1,0,6,0,0,0,0,0,0
org::apache::lucene::search::spans::SpanFirstQuery ,98,31,18,13,3,66,7,6,0,2,0,12,44,2,0,0,12,0,0,0,0,0,0
org::apache::lucene::analysis::CharArraySet ,98,34,32,5,1,45,1,4,0,4,0,10,0,4,4,0,6,0,0,0,0,1,1
org::apache::lucene::store::RAMOutputStream ,98,34,24,12,2,78,9,3,1,7,0,13,24,6,2,0,10,0,0,0,0,0,0
org::apache::lucene::misc::ChainedFilter ,101,44,22,7,2,21,1,6,0,8,0,7,21,3,4,1,2,0,0,0,0,0,0
org::apache::lucene::store::instantiated::InstantiatedTerm ,101,26,24,10,1,66,7,3,0,6,0,12,18,4,0,0,10,0,0,0,0,0,0
org::apache::lucene::store::db::DbDirectory ,102,63,21,9,2,91,1,8,0,5,2,14,27,0,0,0,14,0,0,0,0,0,0
org::apache::lucene::store::je::JEDirectory ,102,64,21,8,2,91,1,7,0,5,2,14,27,0,0,0,14,0,0,0,0,0,0
org::apache::lucene::benchmark::utils::ExtractWikipedia ,103,49,20,11,1,15,0,11,0,4,0,6,9,1,1,1,5,0,0,0,0,0,0
org::apache::lucene::search::PhraseScorer ,107,44,33,8,3,78,1,7,2,9,0,13,17,4,3,0,6,0,0,0,0,0,0
org::apache::lucene::index::FieldInfos ,107,52,32,18,1,78,14,4,0,9,0,13,9,2,2,0,9,0,0,0,0,1,1
org::apache::lucene::search::MultiSearcher ,111,38,25,13,3,78,8,5,1,3,0,13,37,3,0,0,11,0,0,0,0,1,1
org::apache::lucene::search::spans::SpanNearQuery ,113,65,33,24,3,78,17,9,0,4,0,13,44,4,0,0,13,0,0,0,0,0,0
org::apache::lucene::store::RAMDirectory ,114,55,22,26,2,66,19,7,2,3,2,12,36,1,0,2,12,0,0,0,0,3,1
org::apache::lucene::index::TermInfosWriter ,114,35,26,10,1,21,2,8,0,19,0,7,9,11,5,5,0,0,0,0,0,0,0
org::apache::lucene::util::UnicodeUtil ,115,7,20,8,1,1,6,2,0,9,0,2,9,4,0,0,2,0,0,0,0,0,0
org::apache::lucene::benchmark::utils::ExtractReuters ,115,45,17,9,1,10,0,9,0,6,0,5,9,5,1,1,3,0,0,0,0,0,0
org::apache::lucene::search::DisjunctionMaxScorer ,115,64,32,3,3,55,1,2,0,4,0,11,17,4,4,0,7,0,0,0,0,0,0
org::apache::lucene::util::ScorerDocQueue ,115,33,29,4,1,120,1,3,0,4,0,16,9,4,4,0,12,0,0,0,0,0,0
org::apache::lucene::index::StoredFieldsWriter ,116,41,22,8,2,55,1,7,0,6,1,11,15,0,1,6,5,0,0,0,0,1,1
org::apache::lucene::benchmark::byTask::tasks::ReadTask ,116,69,31,12,2,120,2,10,4,0,2,16,39,0,0,0,11,0,0,0,0,1,1
org::apache::lucene::search::payloads::PayloadSpanUtil ,117,52,27,15,1,6,1,14,0,1,0,4,9,1,2,0,2,0,0,0,0,0,0
org::apache::lucene::wikipedia::analysis::WikipediaTokenizer ,122,74,26,5,3,28,1,4,0,38,1,8,16,4,4,0,3,0,0,0,0,0,0
org::apache::lucene::search::FieldDocSortedHitQueue ,123,25,41,11,2,10,1,10,0,2,1,5,19,0,1,2,0,0,0,0,0,0,0
org::apache::lucene::index::NormsWriter ,125,37,23,5,2,21,0,5,0,2,0,7,14,2,0,0,3,0,0,0,0,0,0
org::apache::lucene::document::DateTools ,126,56,27,18,1,15,13,5,0,8,0,6,9,8,1,0,5,0,0,0,0,0,0
org::apache::lucene::util::BitVector ,128,52,31,8,1,78,5,3,0,4,0,13,9,4,5,0,8,0,0,0,0,0,0
org::apache::lucene::index::SegmentTermDocs ,128,39,37,8,1,55,3,5,3,16,0,11,16,7,1,2,6,0,0,0,0,0,0
org::apache::lucene::index::SegmentTermPositions ,129,34,31,3,2,105,0,3,0,7,9,15,37,7,4,0,7,0,0,0,0,0,0
org::apache::lucene::search::BooleanFilter ,129,76,42,10,2,45,2,8,0,4,0,10,21,1,3,3,6,0,0,0,0,0,0
org::apache::lucene::index::DocInverterPerField ,130,35,18,14,2,3,1,13,0,6,0,3,11,2,0,4,2,0,0,0,0,3,1
org::apache::lucene::store::BufferedIndexInput ,131,36,30,7,2,78,5,2,4,6,0,13,33,4,2,0,8,0,0,0,0,0,0
org::apache::lucene::search::FilteredQuery ,131,28,15,14,2,36,9,5,0,2,0,9,39,0,0,2,8,0,0,0,0,0,0
org::apache::lucene::search::highlight::GradientFormatter ,132,46,23,5,1,21,1,4,1,16,0,7,10,2,2,12,3,0,0,0,0,0,0
org::apache::lucene::index::SegmentTermEnum ,132,44,26,7,2,66,2,5,0,15,0,12,24,8,0,7,4,0,0,0,0,0,0
org::apache::lucene::benchmark::byTask::PerfRunData ,132,63,27,48,1,153,37,12,0,11,0,18,9,11,0,0,18,0,0,0,0,0,0
org::apache::lucene::search::WildcardTermEnum ,133,31,26,5,3,15,1,4,0,8,0,6,24,0,0,6,5,0,0,0,0,0,0
org::apache::lucene::search::FuzzyTermEnum ,135,51,36,6,3,66,2,4,0,11,0,12,24,11,7,0,4,0,0,0,0,0,0
org::apache::lucene::swing::models::ListSearcher ,137,67,21,15,1,66,5,11,0,8,0,12,32,8,6,0,6,0,0,0,0,0,0
org::apache::lucene::document::Document ,138,99,46,179,1,120,174,5,0,6,0,16,18,5,0,1,16,0,0,0,0,0,0
org::apache::lucene::search::SloppyPhraseScorer ,139,30,40,6,4,10,2,4,0,4,5,5,27,4,3,0,0,0,0,0,0,0,0
org::apache::lucene::analysis::cjk::CJKTokenizer ,140,8,26,3,3,1,1,2,0,9,1,2,16,9,0,0,2,0,0,0,0,0,0
org::apache::lucene::index::MultiLevelSkipListReader ,140,33,31,6,1,45,2,4,1,14,0,10,9,14,2,0,1,0,0,0,0,0,0
org::apache::lucene::search::MultiPhraseQuery ,140,75,42,21,2,105,12,10,0,4,0,15,39,4,3,0,11,0,0,0,0,1,1
org::apache::lucene::search::FuzzyLikeThisQuery ,141,68,24,18,2,15,2,16,0,7,0,6,39,0,1,7,5,0,0,0,0,0,0
org::apache::lucene::search::Hits ,141,42,32,39,1,55,31,9,0,14,0,11,9,13,5,1,5,0,0,0,0,0,0
org::apache::lucene::analysis::shingle::ShingleFilter ,141,66,32,4,3,28,1,3,0,10,1,8,16,7,3,0,5,0,0,0,0,0,0
org::apache::lucene::search::DuplicateFilter ,143,58,36,11,2,78,2,9,0,7,0,13,21,0,2,3,11,0,0,0,0,0,0
org::apache::lucene::search::spans::SpanNotQuery ,144,34,21,11,3,66,4,7,0,2,0,12,44,2,0,0,12,0,0,0,0,0,0
org::apache::lucene::index::CompoundFileWriter ,147,52,22,11,1,15,4,7,0,6,0,6,9,6,1,0,4,0,0,0,0,0,0
org::apache::lucene::search::BooleanScorer2 ,147,72,36,10,3,105,1,9,0,8,0,15,17,8,8,0,7,0,0,0,0,0,0
org::apache::lucene::search::BooleanQuery ,149,94,46,36,2,210,30,8,1,5,0,21,39,4,0,0,20,0,0,0,0,0,0
org::apache::lucene::search::spans::NearSpansUnordered ,151,80,51,7,2,120,1,7,0,10,0,16,16,10,7,0,9,0,0,0,0,0,0
org::apache::lucene::benchmark::byTask::feeds::TrecDocMaker ,153,71,27,13,2,36,0,13,0,9,11,9,33,3,0,0,3,0,0,0,0,1,1
org::apache::lucene::index::TermInfosReader ,154,55,39,8,1,105,1,7,0,13,0,15,9,13,5,0,5,0,0,0,0,1,1
org::apache::lucene::wordnet::Syns2Index ,154,62,18,8,1,6,0,8,0,5,0,4,9,3,3,0,1,0,0,0,0,0,0
org::apache::lucene::benchmark::quality::QualityStats ,154,57,40,8,1,120,3,5,0,12,0,16,9,11,2,0,14,0,0,0,0,0,0
org::apache::lucene::index::TermVectorsWriter ,163,43,27,13,1,6,1,12,0,5,0,4,9,4,0,1,2,0,0,0,0,0,0
org::apache::lucene::swing::models::TableSearcher ,165,84,30,16,1,153,6,11,0,7,0,18,39,6,5,0,13,0,0,0,0,0,0
org::apache::lucene::search::spans::NearSpansOrdered ,166,63,50,6,2,91,1,6,0,12,0,14,16,12,5,0,9,0,0,0,0,1,1
org::apache::lucene::xmlparser::DOMUtils ,166,71,39,29,1,91,20,9,0,0,0,14,9,0,1,0,13,0,0,0,0,0,0
org::apache::lucene::index::TermsHash ,166,52,29,8,2,45,2,7,0,10,1,10,15,4,0,6,5,0,0,0,0,0,0
org::apache::lucene::search::QueryUtils ,167,56,25,26,1,28,13,14,0,0,0,8,9,0,2,0,6,0,0,0,0,0,0
org::apache::lucene::store::je::File ,168,72,24,12,1,45,4,8,0,7,0,10,9,0,1,0,0,0,0,0,0,0,0
org::apache::lucene::search::spans::SpanOrQuery ,170,59,29,17,3,55,10,7,0,2,0,11,44,2,0,0,11,0,0,0,0,1,1
org::apache::lucene::analysis::de::GermanStemmer ,171,123,58,4,1,28,1,3,0,2,0,8,9,2,6,0,1,0,0,0,0,0,0
org::apache::lucene::analysis::ru::RussianStemmer ,173,68,44,4,1,136,2,2,0,40,0,17,9,40,14,0,3,0,0,0,0,0,0
org::apache::lucene::store::instantiated::InstantiatedIndexReader ,174,123,64,16,2,276,5,14,0,4,2,24,58,4,0,0,19,0,0,0,0,1,1
org::apache::lucene::search::spell::SpellChecker ,176,74,48,16,1,105,3,13,0,7,0,15,9,5,6,1,9,0,0,0,0,0,0
org::apache::lucene::benchmark::byTask::feeds::BasicDocMaker ,177,115,55,17,1,136,6,11,5,20,0,17,19,9,3,0,9,0,0,0,0,0,0
org::apache::lucene::document::AbstractField ,182,57,60,16,2,231,13,3,3,16,0,22,41,0,0,0,20,0,0,0,0,0,0
org::apache::lucene::benchmark::byTask::utils::Config ,182,120,37,23,1,66,14,9,0,6,0,12,9,6,4,0,8,0,0,0,0,0,0
org::apache::lucene::index::ConcurrentMergeScheduler ,182,75,39,15,2,190,11,5,1,11,0,20,11,6,4,1,11,0,0,0,0,2,1
org::apache::lucene::store::db::File ,183,73,24,12,1,45,4,8,0,7,0,10,9,0,1,0,0,0,0,0,0,0,0
org::apache::lucene::index::FieldsWriter ,185,78,27,10,1,45,4,6,0,10,0,10,9,4,1,0,0,0,0,0,0,0,0
org::apache::lucene::index::TermVectorsTermsWriterPerField ,186,43,31,10,2,36,2,10,0,10,0,9,15,0,0,10,2,0,0,0,0,0,0
lucli::Lucli ,188,80,40,12,1,78,0,12,0,19,0,13,9,0,11,4,2,0,0,0,0,0,0
org::apache::lucene::index::IndexModifier ,189,84,39,8,1,253,3,5,1,10,0,23,9,0,0,0,19,0,0,0,0,0,0
org::apache::lucene::index::TermVectorsTermsWriter ,189,64,32,10,2,78,1,10,0,9,1,13,16,0,0,9,4,0,0,0,0,1,1
org::apache::lucene::store::MockRAMDirectory ,195,97,61,18,3,253,10,9,0,11,4,23,48,2,2,9,19,0,0,0,0,0,0
org::apache::lucene::ant::IndexTask ,199,69,29,16,1,66,1,15,0,10,0,12,0,10,1,0,11,0,0,0,0,0,0
org::apache::lucene::benchmark::byTask::utils::Algorithm ,204,92,44,14,1,6,2,12,0,1,0,4,9,1,1,0,3,0,0,0,0,0,0
org::apache::lucene::demo::SearchFiles ,206,78,47,12,1,6,0,12,0,0,0,4,9,0,1,0,3,0,0,0,0,0,0
org::apache::lucene::queryParser::analyzing::AnalyzingQueryParser ,209,95,33,9,2,10,1,8,0,0,56,5,68,0,0,0,1,0,0,0,0,0,0
org::apache::lucene::index::IndexReader ,214,124,48,153,1,1225,138,16,6,5,0,50,9,3,1,0,39,0,0,0,0,3,1
org::apache::lucene::search::CheckHits ,214,105,46,20,1,45,12,10,0,1,0,10,9,0,0,1,10,0,0,0,0,0,0
org::apache::lucene::index::MultiReader ,215,84,57,9,2,378,2,7,0,8,2,28,58,7,3,0,19,0,0,0,0,1,1
org::apache::lucene::analysis::ISOLatin1AccentFilter ,216,8,44,4,3,3,2,2,0,2,1,3,16,2,0,0,3,0,0,0,0,0,0
org::apache::lucene::analysis::el::GreekCharsets ,225,2,79,2,1,0,1,1,0,3,0,1,9,0,0,3,1,0,0,0,0,0,0
org::apache::lucene::store::instantiated::InstantiatedIndex ,226,128,43,20,1,136,5,17,0,8,0,17,18,8,0,0,10,0,0,0,0,0,0
org::apache::lucene::index::memory::MemoryIndex ,226,84,33,11,1,45,4,9,0,8,0,10,18,8,4,0,6,0,0,0,0,1,1
org::apache::lucene::index::FreqProxTermsWriter ,229,53,43,14,2,45,0,14,0,3,1,10,16,2,1,1,2,0,0,0,0,0,0
lucli::LuceneMethods ,232,147,48,21,1,78,1,20,0,8,0,13,9,8,5,0,8,0,0,0,0,0,0
org::apache::lucene::index::memory::AnalyzerUtil ,237,63,32,10,1,55,0,10,0,2,0,11,9,2,3,0,8,0,0,0,0,0,0
org::apache::lucene::index::DocFieldProcessorPerThread ,238,52,41,9,2,21,1,8,0,11,0,7,11,0,1,11,4,0,0,0,0,0,0
org::apache::lucene::analysis::Token ,240,72,66,128,1,465,122,6,0,11,0,31,18,3,4,7,27,0,0,0,0,0,0
org::apache::lucene::benchmark::byTask::tasks::TaskSequence ,240,89,72,11,2,253,4,7,0,14,2,23,39,13,8,1,14,0,0,0,0,0,0
org::apache::lucene::demo::html::SimpleCharStream ,256,38,47,6,1,190,1,5,0,16,0,20,9,0,0,4,15,0,0,0,0,0,0
org::apache::lucene::index::LogMergePolicy ,258,79,58,6,2,136,1,6,2,10,0,17,15,4,2,3,14,0,0,0,0,0,0
org::apache::lucene::search::FieldSortedHitQueue ,265,73,33,10,2,153,1,9,0,4,1,18,19,0,1,0,4,0,0,0,0,0,0
org::tartarus::snowball::ext::SwedishStemmer ,265,23,41,1,2,15,0,1,0,7,6,6,35,7,5,0,1,0,0,0,0,0,0
org::apache::lucene::index::ParallelReader ,267,156,67,10,2,325,3,7,0,9,2,26,58,8,0,1,20,0,0,0,0,0,0
org::apache::lucene::analysis::compound::hyphenation::TernaryTree ,267,73,44,6,1,153,1,5,1,9,0,18,27,0,3,0,12,0,0,0,0,0,0
org::apache::lucene::analysis::compound::hyphenation::PatternParser ,268,160,64,14,1,210,1,13,0,11,0,21,48,0,1,7,14,0,0,0,0,0,0
org::apache::lucene::search::highlight::WeightedSpanTermExtractor ,269,144,56,27,1,55,1,26,0,5,0,11,9,5,6,0,5,0,0,0,0,0,0
org::apache::lucene::analysis::compound::hyphenation::HyphenationTree ,270,67,61,9,2,78,1,8,0,5,9,13,54,2,0,0,8,0,0,0,0,0,0
org::apache::lucene::index::memory::SynonymMap ,270,100,59,9,1,36,1,8,0,3,0,9,9,3,5,0,3,0,0,0,0,0,0
org::apache::lucene::analysis::standard::StandardTokenizerImpl ,271,40,64,6,1,171,1,5,0,41,0,19,9,29,7,0,10,0,0,0,0,0,0
org::apache::lucene::analysis::shingle::ShingleMatrixFilter ,276,118,58,10,2,136,1,9,0,17,0,17,13,14,2,3,15,0,0,0,0,0,0
org::apache::lucene::search::highlight::Highlighter ,280,86,46,29,1,105,17,12,0,7,0,15,9,5,1,0,14,0,0,0,0,0,0
org::tartarus::snowball::ext::NorwegianStemmer ,281,24,44,1,2,15,0,1,0,7,6,6,35,7,5,0,1,0,0,0,0,0,0
org::apache::lucene::search::similar::MoreLikeThis ,285,105,68,18,1,496,1,17,0,22,0,32,9,12,4,0,28,0,0,0,0,0,0
org::apache::lucene::analysis::nl::DutchStemmer ,289,143,102,4,1,153,1,3,0,5,0,18,9,5,15,0,2,0,0,0,0,0,0
org::apache::lucene::index::DirectoryIndexReader ,295,101,54,17,2,190,4,14,2,10,2,20,58,7,0,0,9,0,0,0,0,4,1
org::apache::lucene::index::MultiSegmentReader ,300,124,75,14,3,435,2,12,1,7,5,30,78,6,2,0,16,0,0,0,0,1,1
org::tartarus::snowball::SnowballProgram ,306,76,95,25,1,325,21,4,19,6,0,26,9,0,0,0,3,0,0,0,0,0,0
org::apache::lucene::index::SegmentInfos ,306,107,53,29,1,528,19,11,0,19,0,33,0,8,2,2,27,0,0,0,0,4,1
org::apache::lucene::analysis::PorterStemmer ,312,157,164,5,1,231,1,4,0,8,0,22,9,8,12,0,8,0,0,0,0,0,0
org::apache::lucene::index::TermVectorsReader ,313,73,58,13,1,105,3,10,0,15,0,15,18,8,6,0,1,0,0,0,0,0,0
org::apache::lucene::benchmark::standard::StandardBenchmarker ,319,165,58,26,2,45,0,26,0,3,0,10,12,1,0,0,4,0,0,0,0,0,0
org::apache::lucene::index::IndexFileDeleter ,319,130,66,17,1,91,5,12,0,11,0,14,9,9,4,2,4,0,0,0,0,3,1
org::apache::lucene::index::FieldsReader ,332,119,60,17,1,120,3,15,0,11,0,16,9,11,9,0,0,0,0,0,0,1,1
org::apache::lucene::util::OpenBitSet ,335,88,82,11,2,861,6,5,1,2,0,42,29,0,0,0,41,0,0,0,0,0,0
org::tartarus::snowball::ext::DanishStemmer ,345,32,51,1,2,21,0,1,0,8,6,7,35,8,6,0,1,0,0,0,0,0,0
org::apache::lucene::index::TermsHashPerField ,388,60,84,15,2,136,6,10,0,22,0,17,13,7,2,15,6,0,0,0,0,0,0
org::apache::lucene::wikipedia::analysis::WikipediaTokenizerImpl ,422,77,139,6,1,231,1,5,0,64,0,22,9,34,7,0,12,0,0,0,0,0,0
org::apache::lucene::index::CheckIndex ,427,150,79,17,1,36,2,15,0,4,0,9,9,3,3,1,6,0,0,0,0,2,1
org::apache::lucene::index::SegmentInfo ,467,116,114,22,1,435,13,9,0,19,0,30,9,11,2,4,5,0,0,0,0,1,1
org::apache::lucene::store::instantiated::InstantiatedIndexWriter ,469,277,50,27,1,153,3,25,0,10,0,18,9,10,0,0,17,0,0,0,0,1,1
org::apache::lucene::analysis::fr::FrenchStemmer ,482,174,128,4,1,210,1,3,0,8,0,21,9,8,19,0,1,0,0,0,0,0,0
org::apache::lucene::index::SegmentMerger ,507,175,104,27,1,136,3,25,0,18,0,17,9,16,8,1,0,0,0,0,0,1,1
org::tartarus::snowball::ext::RussianStemmer ,540,59,98,1,2,66,0,1,0,11,6,12,35,11,11,0,1,0,0,0,0,0,0
org::apache::lucene::demo::html::HTMLParser ,574,177,179,15,1,496,3,13,0,40,39,32,9,19,11,21,17,0,0,0,0,0,0
org::apache::lucene::queryParser::surround::parser::QueryParser ,583,221,174,20,1,903,2,18,0,31,26,43,9,17,9,14,22,0,0,0,0,0,0
org::apache::lucene::queryParser::surround::parser::QueryParserTokenManager ,604,103,217,4,1,190,1,3,0,19,26,20,9,2,14,7,5,0,0,0,0,0,0
org::tartarus::snowball::ext::GermanStemmer ,615,60,109,1,2,28,0,1,0,11,6,8,35,11,7,0,1,0,0,0,0,0,0
org::tartarus::snowball::ext::German2Stemmer ,644,63,116,1,2,28,0,1,0,12,6,8,35,12,7,0,1,0,0,0,0,0,0
org::apache::lucene::util::BitUtil ,686,36,42,1,1,55,1,0,0,1,0,11,9,0,0,0,11,0,0,0,0,0,0
org::tartarus::snowball::ext::RomanianStemmer ,747,77,140,1,2,78,0,1,0,11,6,13,35,11,12,0,1,0,0,0,0,0,0
org::tartarus::snowball::ext::DutchStemmer ,753,85,130,1,2,55,0,1,0,12,6,11,35,12,10,0,1,0,0,0,0,0,0
org::tartarus::snowball::ext::PorterStemmer ,788,90,141,1,2,78,0,1,0,11,6,13,35,11,12,0,1,0,0,0,0,0,0
org::apache::lucene::queryParser::precedence::PrecedenceQueryParser ,822,284,244,24,1,1081,1,23,1,37,36,47,9,24,10,11,30,0,0,0,0,0,0
org::apache::lucene::index::DocumentsWriter ,829,263,177,34,1,2415,9,27,0,60,0,70,9,25,11,19,0,0,0,0,0,2,1
org::apache::lucene::analysis::br::BrazilianStemmer ,847,423,321,3,1,171,1,2,0,5,0,19,9,5,16,0,2,0,0,0,0,0,0
org::tartarus::snowball::ext::PortugueseStemmer ,866,92,155,1,2,66,0,1,0,13,6,12,35,13,11,0,1,0,0,0,0,0,0
org::tartarus::snowball::ext::FinnishStemmer ,877,85,140,1,2,78,0,1,0,18,6,13,35,18,12,0,1,0,0,0,0,0,0
org::tartarus::snowball::ext::HungarianStemmer ,907,138,171,1,2,120,0,1,0,14,6,16,35,14,15,0,1,0,0,0,0,0,0
org::tartarus::snowball::ext::SpanishStemmer ,919,104,162,1,2,66,0,1,0,14,6,12,35,14,11,0,1,0,0,0,0,0,0
org::tartarus::snowball::ext::ItalianStemmer ,924,102,164,1,2,66,0,1,0,14,6,12,35,14,11,0,1,0,0,0,0,0,0
org::apache::lucene::queryParser::precedence::PrecedenceQueryParserTokenManager ,947,167,301,4,1,496,1,3,0,19,36,32,9,2,26,7,5,0,0,0,0,0,0
org::apache::lucene::queryParser::QueryParser ,1009,345,290,73,1,2628,46,27,5,42,38,73,9,24,14,16,42,0,0,0,0,1,1
org::apache::lucene::queryParser::QueryParserTokenManager ,1040,184,334,3,1,496,1,2,0,19,38,32,9,2,26,7,5,0,0,0,0,0,0
org::tartarus::snowball::ext::EnglishStemmer ,1131,127,206,1,2,136,0,1,0,17,6,17,35,17,16,0,1,0,0,0,0,0,0
org::tartarus::snowball::ext::FrenchStemmer ,1295,150,219,1,2,91,0,1,0,14,6,14,35,14,13,0,1,0,0,0,0,0,0
org::tartarus::snowball::ext::LovinsStemmer ,1501,137,262,1,2,561,0,1,0,4,6,34,35,4,33,0,1,0,0,0,0,0,0
org::apache::lucene::demo::html::HTMLParserTokenManager ,1504,238,408,4,1,1275,1,3,0,18,39,51,9,2,45,7,5,0,0,0,0,0,0
org::tartarus::snowball::ext::KpStemmer ,2032,259,351,1,2,153,0,1,0,19,6,18,35,19,17,0,1,0,0,0,0,0,0
org::apache::lucene::index::IndexWriter ,2630,908,484,91,1,7875,66,28,4,59,0,126,9,45,47,3,55,0,0,0,0,9,1
org::tartarus::snowball::ext::TurkishStemmer ,2864,312,479,1,2,861,0,1,0,34,6,42,35,34,41,0,1,0,0,0,0,0,0